ISO-10303-21;
HEADER;
FILE_DESCRIPTION (( 'STEP AP214' ),
    '1' );
FILE_NAME ('POD_TO-220-5L_TFME_rev_A.STEP',
    '2026-06-11T17:52:42',
    ( 'LENOVO' ),
    ( '' ),
    'SwSTEP 2.0',
    'SolidWorks 2021',
    '' );
FILE_SCHEMA (( 'AUTOMOTIVE_DESIGN' ));
ENDSEC;

DATA;
#1 = EDGE_CURVE ( 'NONE', #1741, #1560, #112, .T. ) ;
#2 = ORIENTED_EDGE ( 'NONE', *, *, #2093, .F. ) ;
#3 = DIRECTION ( 'NONE',  ( 1.971276677246371519E-16, -1.000000000000000000, 0.000000000000000000 ) ) ;
#4 = ORIENTED_EDGE ( 'NONE', *, *, #957, .T. ) ;
#5 = VERTEX_POINT ( 'NONE', #561 ) ;
#6 = VECTOR ( 'NONE', #2623, 1000.000000000000000 ) ;
#7 = FACE_OUTER_BOUND ( 'NONE', #2599, .T. ) ;
#8 = ORIENTED_EDGE ( 'NONE', *, *, #2769, .F. ) ;
#9 = MANIFOLD_SOLID_BREP ( 'Cut-Extrude4[4]', #1922 ) ;
#10 = ORIENTED_EDGE ( 'NONE', *, *, #819, .F. ) ;
#11 = CARTESIAN_POINT ( 'NONE',  ( 2.982499999999998597, 2.850000000000000533, 0.4049999999999993605 ) ) ;
#12 = LINE ( 'NONE', #2201, #2359 ) ;
#13 = VECTOR ( 'NONE', #2926, 1000.000000000000000 ) ;
#14 = AXIS2_PLACEMENT_3D ( 'NONE', #1433, #3430, #1388 ) ;
#15 = ORIENTED_EDGE ( 'NONE', *, *, #1481, .T. ) ;
#16 = CARTESIAN_POINT ( 'NONE',  ( -5.075000000000001066, 17.10000000000000142, -2.284999999999999698 ) ) ;
#17 = VERTEX_POINT ( 'NONE', #1327 ) ;
#18 = CARTESIAN_POINT ( 'NONE',  ( 3.817499999999999005, 0.6499999999999999112, 0.8099999999999993872 ) ) ;
#19 = CARTESIAN_POINT ( 'NONE',  ( 0.4525000000000002354, 0.000000000000000000, 0.4049999999999993605 ) ) ;
#20 = EDGE_CURVE ( 'NONE', #348, #215, #30, .T. ) ;
#21 =( GEOMETRIC_REPRESENTATION_CONTEXT ( 3 ) GLOBAL_UNCERTAINTY_ASSIGNED_CONTEXT ( ( #1294 ) ) GLOBAL_UNIT_ASSIGNED_CONTEXT ( ( #2046, #2022, #2204 ) ) REPRESENTATION_CONTEXT ( 'NONE', 'WORKASPACE' ) );
#22 = FACE_OUTER_BOUND ( 'NONE', #798, .T. ) ;
#23 = APPLICATION_PROTOCOL_DEFINITION ( 'draft international standard', 'automotive_design', 1998, #926 ) ;
#24 = DIRECTION ( 'NONE',  ( 1.000000000000000000, 0.000000000000000000, 0.000000000000000000 ) ) ;
#25 = ORIENTED_EDGE ( 'NONE', *, *, #490, .F. ) ;
#26 = EDGE_LOOP ( 'NONE', ( #1247, #2946, #1032, #1143 ) ) ;
#27 = DIRECTION ( 'NONE',  ( -0.000000000000000000, -0.000000000000000000, -1.000000000000000000 ) ) ;
#28 = CARTESIAN_POINT ( 'NONE',  ( -2.152499999999998970, 0.6499999999999999112, 0.4049999999999993605 ) ) ;
#29 = LINE ( 'NONE', #3283, #1185 ) ;
#30 = LINE ( 'NONE', #594, #59 ) ;
#31 = EDGE_LOOP ( 'NONE', ( #2376, #522, #1150, #2409, #2436, #3349, #530, #1253, #1178, #2797, #2879, #54 ) ) ;
#32 = FILL_AREA_STYLE_COLOUR ( '', #704 ) ;
#33 = ORIENTED_EDGE ( 'NONE', *, *, #1326, .T. ) ;
#34 = ADVANCED_FACE ( 'NONE', ( #1225 ), #1044, .F. ) ;
#35 = VECTOR ( 'NONE', #117, 1000.000000000000000 ) ;
#36 = PLANE ( 'NONE',  #3074 ) ;
#37 = AXIS2_PLACEMENT_3D ( 'NONE', #2706, #1456, #2155 ) ;
#38 = VECTOR ( 'NONE', #810, 1000.000000000000000 ) ;
#39 = ORIENTED_EDGE ( 'NONE', *, *, #2016, .F. ) ;
#40 = ORIENTED_EDGE ( 'NONE', *, *, #1641, .F. ) ;
#41 =( NAMED_UNIT ( * ) PLANE_ANGLE_UNIT ( ) SI_UNIT ( $, .RADIAN. ) );
#42 = EDGE_CURVE ( 'NONE', #1182, #576, #2374, .T. ) ;
#43 = VECTOR ( 'NONE', #423, 1000.000000000000000 ) ;
#44 = ORIENTED_EDGE ( 'NONE', *, *, #157, .F. ) ;
#45 = ORIENTED_EDGE ( 'NONE', *, *, #1449, .T. ) ;
#46 = CARTESIAN_POINT ( 'NONE',  ( 3.817500000000001670, -10.05000000000000071, 0.8099999999999993872 ) ) ;
#47 = VERTEX_POINT ( 'NONE', #3192 ) ;
#48 = CARTESIAN_POINT ( 'NONE',  ( 1.282499999999999307, 0.6499999999999998002, 0.8099999999999993872 ) ) ;
#49 = EDGE_CURVE ( 'NONE', #1693, #576, #2315, .T. ) ;
#50 = CARTESIAN_POINT ( 'NONE',  ( -2.995780049730349059, 11.29999999999999893, -2.285000000000000142 ) ) ;
#51 = LINE ( 'NONE', #3198, #2345 ) ;
#52 = EDGE_CURVE ( 'NONE', #378, #2773, #1159, .T. ) ;
#53 = DIRECTION ( 'NONE',  ( 1.000000000000000000, 0.000000000000000000, 0.000000000000000000 ) ) ;
#54 = ORIENTED_EDGE ( 'NONE', *, *, #1695, .F. ) ;
#55 = ORIENTED_EDGE ( 'NONE', *, *, #1906, .F. ) ;
#56 = EDGE_CURVE ( 'NONE', #2210, #122, #2408, .T. ) ;
#57 = DIRECTION ( 'NONE',  ( 0.9990482215818579093, 4.366929993285851760E-18, -0.04361938736533264166 ) ) ;
#58 = LINE ( 'NONE', #3095, #2328 ) ;
#59 = VECTOR ( 'NONE', #275, 1000.000000000000000 ) ;
#60 = ORIENTED_EDGE ( 'NONE', *, *, #1637, .T. ) ;
#61 = DIRECTION ( 'NONE',  ( -0.000000000000000000, -1.000000000000000000, -0.000000000000000000 ) ) ;
#62 = ORIENTED_EDGE ( 'NONE', *, *, #1821, .T. ) ;
#63 = LINE ( 'NONE', #2045, #1180 ) ;
#64 = VECTOR ( 'NONE', #1895, 1000.000000000000000 ) ;
#65 = DIRECTION ( 'NONE',  ( 0.000000000000000000, 1.000000000000000000, 0.000000000000000000 ) ) ;
#66 = ORIENTED_EDGE ( 'NONE', *, *, #1992, .T. ) ;
#67 = ORIENTED_EDGE ( 'NONE', *, *, #1965, .T. ) ;
#68 = ADVANCED_FACE ( 'NONE', ( #7 ), #2615, .F. ) ;
#69 = CARTESIAN_POINT ( 'NONE',  ( 0.000000000000000000, 9.600000000000001421, 2.184999999999998721 ) ) ;
#70 = DIRECTION ( 'NONE',  ( -1.000000000000000000, 0.000000000000000000, -0.000000000000000000 ) ) ;
#71 = PRESENTATION_LAYER_ASSIGNMENT (  '', '', ( #1576 ) ) ;
#72 = ADVANCED_FACE ( 'NONE', ( #1262 ), #2990, .F. ) ;
#73 = VECTOR ( 'NONE', #1630, 1000.000000000000000 ) ;
#74 = VERTEX_POINT ( 'NONE', #1024 ) ;
#75 = ORIENTED_EDGE ( 'NONE', *, *, #2792, .T. ) ;
#76 = EDGE_CURVE ( 'NONE', #149, #2911, #92, .T. ) ;
#77 = DIRECTION ( 'NONE',  ( -0.000000000000000000, -1.000000000000000000, -0.000000000000000000 ) ) ;
#78 = AXIS2_PLACEMENT_3D ( 'NONE', #473, #1282, #2322 ) ;
#79 = VERTEX_POINT ( 'NONE', #2583 ) ;
#80 = CARTESIAN_POINT ( 'NONE',  ( -1.282499999999998863, 1.022580077288040499E-16, 0.8099999999999993872 ) ) ;
#81 = FACE_OUTER_BOUND ( 'NONE', #2392, .T. ) ;
#82 = VECTOR ( 'NONE', #2966, 1000.000000000000000 ) ;
#83 = ORIENTED_EDGE ( 'NONE', *, *, #2769, .T. ) ;
#84 = CLOSED_SHELL ( 'NONE', ( #1183, #464, #3000, #2112, #2972, #2387, #962, #2286, #1932, #430, #1331, #3047, #1538, #2377 ) ) ;
#85 =( NAMED_UNIT ( * ) PLANE_ANGLE_UNIT ( ) SI_UNIT ( $, .RADIAN. ) );
#86 = LINE ( 'NONE', #2003, #2483 ) ;
#87 = VECTOR ( 'NONE', #2284, 1000.000000000000000 ) ;
#88 = VERTEX_POINT ( 'NONE', #1064 ) ;
#89 = CARTESIAN_POINT ( 'NONE',  ( -2.995780049730349059, 12.09999999999999964, -2.285000000000000142 ) ) ;
#90 = ORIENTED_EDGE ( 'NONE', *, *, #1481, .F. ) ;
#91 = VECTOR ( 'NONE', #1478, 1000.000000000000000 ) ;
#92 = LINE ( 'NONE', #1544, #1164 ) ;
#93 = CARTESIAN_POINT ( 'NONE',  ( 0.4175000000000029243, -10.05000000000000071, 0.8099999999999993872 ) ) ;
#94 = ORIENTED_EDGE ( 'NONE', *, *, #243, .T. ) ;
#95 = ORIENTED_EDGE ( 'NONE', *, *, #2587, .T. ) ;
#96 = SURFACE_STYLE_USAGE ( .BOTH. , #931 ) ;
#97 = EDGE_CURVE ( 'NONE', #3330, #2659, #1217, .T. ) ;
#98 = FILL_AREA_STYLE_COLOUR ( '', #2060 ) ;
#99 = VECTOR ( 'NONE', #3117, 1000.000000000000000 ) ;
#100 = ORIENTED_EDGE ( 'NONE', *, *, #3219, .T. ) ;
#101 = EDGE_CURVE ( 'NONE', #560, #3350, #147, .T. ) ;
#102 = LINE ( 'NONE', #2672, #2330 ) ;
#103 = ORIENTED_EDGE ( 'NONE', *, *, #2010, .T. ) ;
#104 = CARTESIAN_POINT ( 'NONE',  ( 0.4525000000000002354, 0.000000000000000000, 0.8099999999999993872 ) ) ;
#105 = ORIENTED_EDGE ( 'NONE', *, *, #2844, .F. ) ;
#106 = CARTESIAN_POINT ( 'NONE',  ( -2.947499999999998455, 0.000000000000000000, 0.8099999999999993872 ) ) ;
#107 = CARTESIAN_POINT ( 'NONE',  ( -2.117499999999999272, 0.6499999999999998002, 0.4049999999999993605 ) ) ;
#108 = ADVANCED_FACE ( 'NONE', ( #1252 ), #1860, .F. ) ;
#109 = LINE ( 'NONE', #3140, #2413 ) ;
#110 = ORIENTED_EDGE ( 'NONE', *, *, #3025, .T. ) ;
#111 = DIRECTION ( 'NONE',  ( 0.000000000000000000, 0.000000000000000000, -1.000000000000000000 ) ) ;
#112 = LINE ( 'NONE', #1299, #64 ) ;
#113 = EDGE_CURVE ( 'NONE', #1966, #2485, #1291, .T. ) ;
#114 = VERTEX_POINT ( 'NONE', #535 ) ;
#115 = ORIENTED_EDGE ( 'NONE', *, *, #3018, .T. ) ;
#116 = PLANE ( 'NONE',  #2113 ) ;
#117 = DIRECTION ( 'NONE',  ( 0.000000000000000000, -1.000000000000000000, 0.000000000000000000 ) ) ;
#118 = LINE ( 'NONE', #1035, #137 ) ;
#119 = ORIENTED_EDGE ( 'NONE', *, *, #243, .F. ) ;
#120 = ORIENTED_EDGE ( 'NONE', *, *, #2083, .T. ) ;
#121 = ORIENTED_EDGE ( 'NONE', *, *, #2164, .T. ) ;
#122 = VERTEX_POINT ( 'NONE', #1877 ) ;
#123 = CARTESIAN_POINT ( 'NONE',  ( -1.282499999999996421, -10.05000000000000071, 0.8099999999999993872 ) ) ;
#124 = VECTOR ( 'NONE', #1366, 1000.000000000000000 ) ;
#125 = ORIENTED_EDGE ( 'NONE', *, *, #2799, .F. ) ;
#126 = AXIS2_PLACEMENT_3D ( 'NONE', #2895, #3148, #3347 ) ;
#127 = VERTEX_POINT ( 'NONE', #305 ) ;
#128 = PLANE ( 'NONE',  #1138 ) ;
#129 = CARTESIAN_POINT ( 'NONE',  ( -3.817499999999998561, 0.6499999999999999112, 0.8099999999999993872 ) ) ;
#130 = LINE ( 'NONE', #2767, #99 ) ;
#131 = EDGE_LOOP ( 'NONE', ( #1383, #3413 ) ) ;
#132 = ORIENTED_EDGE ( 'NONE', *, *, #1827, .T. ) ;
#133 = DIRECTION ( 'NONE',  ( 0.000000000000000000, 5.005171518229332485E-17, -1.000000000000000000 ) ) ;
#134 = ORIENTED_EDGE ( 'NONE', *, *, #1606, .F. ) ;
#135 = CARTESIAN_POINT ( 'NONE',  ( 3.795780049730349326, 11.29999999999999893, -2.285000000000000142 ) ) ;
#136 = DIRECTION ( 'NONE',  ( -1.000000000000000000, -2.589139516383294311E-16, 0.000000000000000000 ) ) ;
#137 = VECTOR ( 'NONE', #2103, 1000.000000000000000 ) ;
#138 = DIRECTION ( 'NONE',  ( 0.000000000000000000, 0.1218693434051480590, -0.9925461516413218721 ) ) ;
#139 = AXIS2_PLACEMENT_3D ( 'NONE', #2272, #1908, #264 ) ;
#140 = EDGE_LOOP ( 'NONE', ( #1756, #2974, #1520, #1084 ) ) ;
#141 = ORIENTED_EDGE ( 'NONE', *, *, #3238, .T. ) ;
#142 = ORIENTED_EDGE ( 'NONE', *, *, #3058, .T. ) ;
#143 = PLANE ( 'NONE',  #993 ) ;
#144 = ADVANCED_FACE ( 'NONE', ( #2337 ), #601, .T. ) ;
#145 = CARTESIAN_POINT ( 'NONE',  ( -3.795780049730349326, 11.29999999999999893, -1.015000000000000568 ) ) ;
#146 = FACE_OUTER_BOUND ( 'NONE', #1083, .T. ) ;
#147 = LINE ( 'NONE', #3211, #2390 ) ;
#148 = CARTESIAN_POINT ( 'NONE',  ( -2.982499999999999929, 0.000000000000000000, 0.8099999999999993872 ) ) ;
#149 = VERTEX_POINT ( 'NONE', #3390 ) ;
#150 = CARTESIAN_POINT ( 'NONE',  ( 2.117500000000002380, -10.05000000000000071, 0.4049999999999993605 ) ) ;
#151 = EDGE_LOOP ( 'NONE', ( #543, #1807, #401, #643 ) ) ;
#152 = VECTOR ( 'NONE', #1256, 1000.000000000000000 ) ;
#153 = EDGE_CURVE ( 'NONE', #1137, #302, #1300, .T. ) ;
#154 = EDGE_LOOP ( 'NONE', ( #2033, #2674, #1407, #3355, #225, #879, #2213 ) ) ;
#155 = EDGE_LOOP ( 'NONE', ( #2779, #719, #674, #2368 ) ) ;
#156 =( NAMED_UNIT ( * ) PLANE_ANGLE_UNIT ( ) SI_UNIT ( $, .RADIAN. ) );
#157 = EDGE_CURVE ( 'NONE', #2685, #2953, #2399, .T. ) ;
#158 = CARTESIAN_POINT ( 'NONE',  ( 0.4525000000000002354, 0.000000000000000000, 0.8099999999999993872 ) ) ;
#159 = LINE ( 'NONE', #973, #2500 ) ;
#160 = LINE ( 'NONE', #2151, #1455 ) ;
#161 = ORIENTED_EDGE ( 'NONE', *, *, #3265, .T. ) ;
#162 = DIRECTION ( 'NONE',  ( 0.000000000000000000, 1.000000000000000000, 0.000000000000000000 ) ) ;
#163 = ORIENTED_EDGE ( 'NONE', *, *, #157, .T. ) ;
#164 = DIRECTION ( 'NONE',  ( 0.000000000000000000, 1.000000000000000000, 0.000000000000000000 ) ) ;
#165 = DIRECTION ( 'NONE',  ( -0.000000000000000000, 0.9925461516413219831, 0.1218693434051481284 ) ) ;
#166 = LINE ( 'NONE', #3268, #1268 ) ;
#167 = ORIENTED_EDGE ( 'NONE', *, *, #1552, .F. ) ;
#168 = ORIENTED_EDGE ( 'NONE', *, *, #345, .T. ) ;
#169 = CARTESIAN_POINT ( 'NONE',  ( -5.075000000000001066, 18.45000000000000284, -2.284999999999999698 ) ) ;
#170 = CARTESIAN_POINT ( 'NONE',  ( 2.947499999999998899, 0.6499999999999999112, 0.4049999999999993605 ) ) ;
#171 = LINE ( 'NONE', #2462, #1334 ) ;
#172 = VECTOR ( 'NONE', #1624, 1000.000000000000000 ) ;
#173 = VERTEX_POINT ( 'NONE', #2994 ) ;
#174 = EDGE_CURVE ( 'NONE', #838, #1046, #102, .T. ) ;
#175 = AXIS2_PLACEMENT_3D ( 'NONE', #1393, #3244, #2498 ) ;
#176 = ORIENTED_EDGE ( 'NONE', *, *, #2728, .T. ) ;
#177 = CARTESIAN_POINT ( 'NONE',  ( -2.982499999999999929, 0.000000000000000000, 0.4049999999999993605 ) ) ;
#178 = ADVANCED_FACE ( 'NONE', ( #1270 ), #2318, .T. ) ;
#179 = MECHANICAL_DESIGN_GEOMETRIC_PRESENTATION_REPRESENTATION (  '', ( #1098 ), #2637 ) ;
#180 = LINE ( 'NONE', #1654, #1244 ) ;
#181 = DIRECTION ( 'NONE',  ( 2.921657363680126360E-15, 1.000000000000000000, -0.000000000000000000 ) ) ;
#182 = LINE ( 'NONE', #1358, #2454 ) ;
#183 = DIRECTION ( 'NONE',  ( 7.885106708985486076E-16, -1.000000000000000000, -0.000000000000000000 ) ) ;
#184 = ORIENTED_EDGE ( 'NONE', *, *, #2951, .F. ) ;
#185 = ORIENTED_EDGE ( 'NONE', *, *, #2054, .T. ) ;
#186 = PLANE ( 'NONE',  #3003 ) ;
#187 = DIRECTION ( 'NONE',  ( 1.000000000000000000, 0.000000000000000000, 0.000000000000000000 ) ) ;
#188 = FACE_OUTER_BOUND ( 'NONE', #2896, .T. ) ;
#189 = VECTOR ( 'NONE', #3217, 1000.000000000000000 ) ;
#190 = VERTEX_POINT ( 'NONE', #830 ) ;
#191 = CARTESIAN_POINT ( 'NONE',  ( 5.080000000000000071, 3.180290468828815165, -2.285000000000000586 ) ) ;
#192 = VERTEX_POINT ( 'NONE', #854 ) ;
#193 = PLANE ( 'NONE',  #258 ) ;
#194 = AXIS2_PLACEMENT_3D ( 'NONE', #924, #2019, #451 ) ;
#195 = LINE ( 'NONE', #1287, #1290 ) ;
#196 = CARTESIAN_POINT ( 'NONE',  ( 3.817499999999999005, 1.022580077288040499E-16, 0.8099999999999993872 ) ) ;
#197 = ORIENTED_EDGE ( 'NONE', *, *, #113, .F. ) ;
#198 = EDGE_CURVE ( 'NONE', #585, #1570, #1188, .T. ) ;
#199 = DIRECTION ( 'NONE',  ( -0.04329486679326734200, 0.1217550711101294952, 0.9916154784836310743 ) ) ;
#200 = LINE ( 'NONE', #1675, #1357 ) ;
#201 = EDGE_CURVE ( 'NONE', #1356, #378, #1194, .T. ) ;
#202 = VECTOR ( 'NONE', #2099, 1000.000000000000000 ) ;
#203 = DIRECTION ( 'NONE',  ( -0.000000000000000000, -1.000000000000000000, -0.000000000000000000 ) ) ;
#204 = CLOSED_SHELL ( 'NONE', ( #3261, #68, #2852, #325, #1033, #263, #731, #2321, #2530, #1082, #1255, #2480, #1808, #3072 ) ) ;
#205 = DIRECTION ( 'NONE',  ( 1.000000000000000000, -3.097720492815738111E-15, 0.000000000000000000 ) ) ;
#206 = EDGE_CURVE ( 'NONE', #1493, #3069, #2470, .T. ) ;
#207 = LINE ( 'NONE', #2573, #2453 ) ;
#208 = VECTOR ( 'NONE', #716, 1000.000000000000000 ) ;
#209 = EDGE_CURVE ( 'NONE', #1730, #2929, #291, .T. ) ;
#210 = ORIENTED_EDGE ( 'NONE', *, *, #1686, .T. ) ;
#211 = PLANE ( 'NONE',  #1882 ) ;
#212 = DIRECTION ( 'NONE',  ( 1.000000000000000000, 0.000000000000000000, -0.000000000000000000 ) ) ;
#213 = ADVANCED_FACE ( 'NONE', ( #1328, #2476 ), #1050, .F. ) ;
#214 = VECTOR ( 'NONE', #1852, 1000.000000000000000 ) ;
#215 = VERTEX_POINT ( 'NONE', #3178 ) ;
#216 = CARTESIAN_POINT ( 'NONE',  ( -1.282499999999998863, 0.6499999999999999112, 0.8099999999999993872 ) ) ;
#217 = DIRECTION ( 'NONE',  ( 0.000000000000000000, 0.000000000000000000, -1.000000000000000000 ) ) ;
#218 = VECTOR ( 'NONE', #2142, 1000.000000000000000 ) ;
#219 = EDGE_LOOP ( 'NONE', ( #197, #1091, #2423, #1175 ) ) ;
#220 = AXIS2_PLACEMENT_3D ( 'NONE', #2108, #2660, #2090 ) ;
#221 = EDGE_CURVE ( 'NONE', #330, #394, #1355, .T. ) ;
#222 = DIRECTION ( 'NONE',  ( -0.9990482215818581313, 0.04361938736532881139, 2.183225152835560942E-18 ) ) ;
#223 = LINE ( 'NONE', #1661, #1451 ) ;
#224 = CARTESIAN_POINT ( 'NONE',  ( -2.947499999999998455, 0.000000000000000000, 0.4049999999999993605 ) ) ;
#225 = ORIENTED_EDGE ( 'NONE', *, *, #751, .F. ) ;
#226 = DIRECTION ( 'NONE',  ( 1.000000000000000000, 0.000000000000000000, 0.000000000000000000 ) ) ;
#227 = DIRECTION ( 'NONE',  ( 0.000000000000000000, -0.000000000000000000, -1.000000000000000000 ) ) ;
#228 = CARTESIAN_POINT ( 'NONE',  ( -2.982499999999999041, -10.05000000000000071, 0.8099999999999993872 ) ) ;
#229 = ORIENTED_EDGE ( 'NONE', *, *, #1274, .T. ) ;
#230 = CARTESIAN_POINT ( 'NONE',  ( -1.282499999999999307, 2.899727747165673719, 0.8099999999999993872 ) ) ;
#231 =( GEOMETRIC_REPRESENTATION_CONTEXT ( 3 ) GLOBAL_UNCERTAINTY_ASSIGNED_CONTEXT ( ( #2828 ) ) GLOBAL_UNIT_ASSIGNED_CONTEXT ( ( #1048, #85, #942 ) ) REPRESENTATION_CONTEXT ( 'NONE', 'WORKASPACE' ) );
#232 = ORIENTED_EDGE ( 'NONE', *, *, #3322, .F. ) ;
#233 = CARTESIAN_POINT ( 'NONE',  ( -3.795780049730349326, 11.29999999999999893, -1.015000000000000568 ) ) ;
#234 = DIRECTION ( 'NONE',  ( 0.9990482215818579093, -4.366929993285851760E-18, 0.04361938736533264166 ) ) ;
#235 = DIRECTION ( 'NONE',  ( 1.000000000000000000, 0.000000000000000000, 0.000000000000000000 ) ) ;
#236 = VECTOR ( 'NONE', #2611, 1000.000000000000000 ) ;
#237 = EDGE_CURVE ( 'NONE', #1280, #2531, #182, .T. ) ;
#238 = DIRECTION ( 'NONE',  ( -1.000000000000000000, 0.000000000000000000, 0.000000000000000000 ) ) ;
#239 = ORIENTED_EDGE ( 'NONE', *, *, #981, .T. ) ;
#240 = EDGE_CURVE ( 'NONE', #627, #1398, #160, .T. ) ;
#241 = CARTESIAN_POINT ( 'NONE',  ( -2.995780049730349059, 12.09999999999999964, -1.015000000000000568 ) ) ;
#242 = CARTESIAN_POINT ( 'NONE',  ( 2.947499999999998899, 0.000000000000000000, 0.8099999999999993872 ) ) ;
#243 = EDGE_CURVE ( 'NONE', #1776, #2942, #1347, .T. ) ;
#244 = ORIENTED_EDGE ( 'NONE', *, *, #634, .F. ) ;
#245 = EDGE_CURVE ( 'NONE', #2744, #657, #1464, .T. ) ;
#246 = DIRECTION ( 'NONE',  ( -1.000000000000000000, 3.097720492815738111E-15, -0.000000000000000000 ) ) ;
#247 = DIRECTION ( 'NONE',  ( -1.000000000000000000, -2.589139516383294311E-16, 0.000000000000000000 ) ) ;
#248 = VERTEX_POINT ( 'NONE', #2430 ) ;
#249 = DIRECTION ( 'NONE',  ( 1.000000000000000000, -3.097720492815623332E-15, 0.000000000000000000 ) ) ;
#250 = VECTOR ( 'NONE', #450, 1000.000000000000000 ) ;
#251 = CARTESIAN_POINT ( 'NONE',  ( 0.000000000000000000, 9.600000000000001421, 2.284999999999998366 ) ) ;
#252 = ORIENTED_EDGE ( 'NONE', *, *, #1821, .F. ) ;
#253 = DIRECTION ( 'NONE',  ( -1.000000000000000000, 3.097720492815738111E-15, -0.000000000000000000 ) ) ;
#254 = PRESENTATION_STYLE_ASSIGNMENT (( #1003 ) ) ;
#255 = CARTESIAN_POINT ( 'NONE',  ( 5.080000000000000071, 2.287614668011201449E-16, -2.285000000000360298 ) ) ;
#256 = CARTESIAN_POINT ( 'NONE',  ( 1.247499999999999387, 0.000000000000000000, 0.8099999999999993872 ) ) ;
#257 = LINE ( 'NONE', #1512, #262 ) ;
#258 = AXIS2_PLACEMENT_3D ( 'NONE', #983, #442, #729 ) ;
#259 = DIRECTION ( 'NONE',  ( 0.000000000000000000, 5.005171518229332485E-17, -1.000000000000000000 ) ) ;
#260 = ORIENTED_EDGE ( 'NONE', *, *, #2614, .F. ) ;
#261 = VECTOR ( 'NONE', #1600, 1000.000000000000000 ) ;
#262 = VECTOR ( 'NONE', #1207, 1000.000000000000000 ) ;
#263 = ADVANCED_FACE ( 'NONE', ( #2552 ), #1668, .F. ) ;
#264 = DIRECTION ( 'NONE',  ( 0.000000000000000000, 0.000000000000000000, 1.000000000000000000 ) ) ;
#265 = LINE ( 'NONE', #2092, #236 ) ;
#266 = CARTESIAN_POINT ( 'NONE',  ( 2.995780049730349059, 11.29999999999999893, -1.015000000000000568 ) ) ;
#267 = ORIENTED_EDGE ( 'NONE', *, *, #3433, .F. ) ;
#268 = LINE ( 'NONE', #224, #1420 ) ;
#269 = LINE ( 'NONE', #404, #1405 ) ;
#270 = CARTESIAN_POINT ( 'NONE',  ( 0.4525000000000002354, 0.6499999999999999112, 0.8099999999999993872 ) ) ;
#271 = DIRECTION ( 'NONE',  ( 2.921657363680126360E-15, 1.000000000000000000, -0.000000000000000000 ) ) ;
#272 = VERTEX_POINT ( 'NONE', #3372 ) ;
#273 = COLOUR_RGB ( '',0.7921568627450980005, 0.8196078431372548767, 0.9333333333333333481 ) ;
#274 = CARTESIAN_POINT ( 'NONE',  ( 4.880469490908099672, 11.69481094902041285, 2.284999999999999698 ) ) ;
#275 = DIRECTION ( 'NONE',  ( -1.000000000000000000, 3.097720492815622937E-15, -0.000000000000000000 ) ) ;
#276 = DIRECTION ( 'NONE',  ( 0.000000000000000000, 0.000000000000000000, -1.000000000000000000 ) ) ;
#277 = VECTOR ( 'NONE', #1683, 1000.000000000000000 ) ;
#278 = CARTESIAN_POINT ( 'NONE',  ( -2.982499999999999485, 0.6500000000000000222, 0.8099999999999993872 ) ) ;
#279 = VECTOR ( 'NONE', #3031, 1000.000000000000114 ) ;
#280 = ORIENTED_EDGE ( 'NONE', *, *, #443, .T. ) ;
#281 = CARTESIAN_POINT ( 'NONE',  ( 0.4175000000000003153, 1.022580077288040499E-16, 0.8099999999999993872 ) ) ;
#282 = VECTOR ( 'NONE', #2086, 1000.000000000000000 ) ;
#283 = DIRECTION ( 'NONE',  ( 0.000000000000000000, -1.000000000000000000, -5.005171518229332485E-17 ) ) ;
#284 = EDGE_CURVE ( 'NONE', #394, #2239, #2501, .T. ) ;
#285 = VECTOR ( 'NONE', #2126, 1000.000000000000000 ) ;
#286 = DIRECTION ( 'NONE',  ( -0.000000000000000000, -1.000000000000000000, -0.000000000000000000 ) ) ;
#287 = LINE ( 'NONE', #3253, #1434 ) ;
#288 = PLANE ( 'NONE',  #2680 ) ;
#289 = EDGE_CURVE ( 'NONE', #414, #1709, #1472, .T. ) ;
#290 = VERTEX_POINT ( 'NONE', #2115 ) ;
#291 = LINE ( 'NONE', #540, #2629 ) ;
#292 = ADVANCED_FACE ( 'NONE', ( #2495 ), #3197, .F. ) ;
#293 = LINE ( 'NONE', #3368, #364 ) ;
#294 = LINE ( 'NONE', #3338, #250 ) ;
#295 = DIRECTION ( 'NONE',  ( 0.000000000000000000, -1.000000000000000000, 0.000000000000000000 ) ) ;
#296 = EDGE_LOOP ( 'NONE', ( #1652, #1757, #2958, #640 ) ) ;
#297 = FACE_OUTER_BOUND ( 'NONE', #324, .T. ) ;
#298 = FACE_OUTER_BOUND ( 'NONE', #1638, .T. ) ;
#299 = VECTOR ( 'NONE', #2468, 1000.000000000000000 ) ;
#300 = DIRECTION ( 'NONE',  ( -2.402381943258827241E-17, 0.1218693434051406621, 0.9925461516413227603 ) ) ;
#301 = DIRECTION ( 'NONE',  ( -1.000000000000000000, -0.000000000000000000, -0.000000000000000000 ) ) ;
#302 = VERTEX_POINT ( 'NONE', #1480 ) ;
#303 = LINE ( 'NONE', #2855, #208 ) ;
#304 = CARTESIAN_POINT ( 'NONE',  ( 0.4175000000000003153, 1.022580077288040499E-16, 0.8099999999999993872 ) ) ;
#305 = CARTESIAN_POINT ( 'NONE',  ( 3.795780049730349326, 11.29999999999999893, -2.285000000000000142 ) ) ;
#306 = VECTOR ( 'NONE', #1539, 1000.000000000000000 ) ;
#307 =( NAMED_UNIT ( * ) PLANE_ANGLE_UNIT ( ) SI_UNIT ( $, .RADIAN. ) );
#308 = ORIENTED_EDGE ( 'NONE', *, *, #2438, .T. ) ;
#309 = LINE ( 'NONE', #897, #317 ) ;
#310 = AXIS2_PLACEMENT_3D ( 'NONE', #69, #3062, #1208 ) ;
#311 = VECTOR ( 'NONE', #2364, 1000.000000000000000 ) ;
#312 = CARTESIAN_POINT ( 'NONE',  ( 0.000000000000000000, 0.000000000000000000, 0.4049999999999993605 ) ) ;
#313 = VECTOR ( 'NONE', #947, 1000.000000000000000 ) ;
#314 = VECTOR ( 'NONE', #978, 1000.000000000000000 ) ;
#315 = DIRECTION ( 'NONE',  ( 1.000000000000000000, 0.000000000000000000, -0.000000000000000000 ) ) ;
#316 = ORIENTED_EDGE ( 'NONE', *, *, #2131, .F. ) ;
#317 = VECTOR ( 'NONE', #2441, 1000.000000000000000 ) ;
#318 = LINE ( 'NONE', #3258, #1473 ) ;
#319 = VECTOR ( 'NONE', #1487, 1000.000000000000000 ) ;
#320 = DIRECTION ( 'NONE',  ( 0.000000000000000000, -0.1218693434051406621, -0.9925461516413227603 ) ) ;
#321 = LINE ( 'NONE', #358, #2605 ) ;
#322 = DIRECTION ( 'NONE',  ( -0.000000000000000000, -0.000000000000000000, -1.000000000000000000 ) ) ;
#323 = AXIS2_PLACEMENT_3D ( 'NONE', #2267, #2292, #3278 ) ;
#324 = EDGE_LOOP ( 'NONE', ( #3149, #1984, #1584, #1507 ) ) ;
#325 = ADVANCED_FACE ( 'NONE', ( #331 ), #1854, .F. ) ;
#326 = LINE ( 'NONE', #1941, #313 ) ;
#327 = PLANE ( 'NONE',  #724 ) ;
#328 = EDGE_CURVE ( 'NONE', #1855, #2838, #303, .T. ) ;
#329 = MANIFOLD_SOLID_BREP ( 'Cut-Extrude4[2]', #84 ) ;
#330 = VERTEX_POINT ( 'NONE', #2913 ) ;
#331 = FACE_OUTER_BOUND ( 'NONE', #3315, .T. ) ;
#332 = DIRECTION ( 'NONE',  ( -1.000000000000000000, 3.097720492815738111E-15, -0.000000000000000000 ) ) ;
#333 = CYLINDRICAL_SURFACE ( 'NONE', #969, 0.2000000000000000944 ) ;
#334 = EDGE_CURVE ( 'NONE', #2726, #2710, #1446, .T. ) ;
#335 = CARTESIAN_POINT ( 'NONE',  ( 3.817499999999999005, 1.022580077288040499E-16, 0.8099999999999993872 ) ) ;
#336 = FACE_OUTER_BOUND ( 'NONE', #1546, .T. ) ;
#337 = PLANE ( 'NONE',  #1619 ) ;
#338 = EDGE_CURVE ( 'NONE', #2398, #813, #1319, .T. ) ;
#339 = ORIENTED_EDGE ( 'NONE', *, *, #1305, .F. ) ;
#340 = VECTOR ( 'NONE', #1648, 1000.000000000000000 ) ;
#341 = CARTESIAN_POINT ( 'NONE',  ( -3.817499999999998561, -10.05000000000000071, 0.4049999999999993605 ) ) ;
#342 = VECTOR ( 'NONE', #2174, 1000.000000000000000 ) ;
#343 = CARTESIAN_POINT ( 'NONE',  ( 2.117499999999999716, 1.022580077288040499E-16, 0.8099999999999993872 ) ) ;
#344 = LINE ( 'NONE', #1296, #2639 ) ;
#345 = EDGE_CURVE ( 'NONE', #1361, #1590, #1364, .T. ) ;
#346 = SURFACE_STYLE_USAGE ( .BOTH. , #2458 ) ;
#347 = ORIENTED_EDGE ( 'NONE', *, *, #712, .F. ) ;
#348 = VERTEX_POINT ( 'NONE', #453 ) ;
#349 = LINE ( 'NONE', #977, #2559 ) ;
#350 = CARTESIAN_POINT ( 'NONE',  ( 2.995780049730349059, 12.09999999999999964, -1.015000000000000568 ) ) ;
#351 = CARTESIAN_POINT ( 'NONE',  ( 0.000000000000000000, 0.000000000000000000, 0.8099999999999993872 ) ) ;
#352 = UNCERTAINTY_MEASURE_WITH_UNIT (LENGTH_MEASURE( 1.000000000000000082E-05 ), #3250, 'distance_accuracy_value', 'NONE');
#353 = CARTESIAN_POINT ( 'NONE',  ( -1.282499999999999307, 2.850000000000000089, 0.4049999999999993605 ) ) ;
#354 = VERTEX_POINT ( 'NONE', #503 ) ;
#355 = ORIENTED_EDGE ( 'NONE', *, *, #1935, .T. ) ;
#356 = VECTOR ( 'NONE', #246, 1000.000000000000000 ) ;
#357 = CARTESIAN_POINT ( 'NONE',  ( 0.4175000000000003153, 0.6499999999999999112, 0.8099999999999993872 ) ) ;
#358 = CARTESIAN_POINT ( 'NONE',  ( 3.852499999999998703, 0.6499999999999999112, 0.8099999999999993872 ) ) ;
#359 = ORIENTED_EDGE ( 'NONE', *, *, #3356, .F. ) ;
#360 = ORIENTED_EDGE ( 'NONE', *, *, #792, .F. ) ;
#361 = CARTESIAN_POINT ( 'NONE',  ( -0.4524999999999997913, 0.6499999999999999112, 0.4049999999999993605 ) ) ;
#362 = EDGE_CURVE ( 'NONE', #1501, #2348, #1408, .T. ) ;
#363 = ADVANCED_FACE ( 'NONE', ( #1432 ), #1169, .T. ) ;
#364 = VECTOR ( 'NONE', #562, 1000.000000000000227 ) ;
#365 = VECTOR ( 'NONE', #300, 1000.000000000000227 ) ;
#366 = PLANE ( 'NONE',  #2965 ) ;
#367 = AXIS2_PLACEMENT_3D ( 'NONE', #1698, #1014, #3440 ) ;
#368 = EDGE_LOOP ( 'NONE', ( #1103, #347, #2265, #3252 ) ) ;
#369 = ORIENTED_EDGE ( 'NONE', *, *, #2522, .T. ) ;
#370 = CARTESIAN_POINT ( 'NONE',  ( 2.947499999999998899, 0.000000000000000000, 0.4049999999999993605 ) ) ;
#371 = CARTESIAN_POINT ( 'NONE',  ( 1.247499999999999387, 0.6499999999999999112, 0.8099999999999993872 ) ) ;
#372 = LINE ( 'NONE', #104, #277 ) ;
#373 = DIRECTION ( 'NONE',  ( 0.000000000000000000, 1.000000000000000000, 0.000000000000000000 ) ) ;
#374 = VERTEX_POINT ( 'NONE', #2526 ) ;
#375 = VERTEX_POINT ( 'NONE', #2822 ) ;
#376 = LINE ( 'NONE', #3191, #356 ) ;
#377 = AXIS2_PLACEMENT_3D ( 'NONE', #3333, #417, #217 ) ;
#378 = VERTEX_POINT ( 'NONE', #3165 ) ;
#379 = ORIENTED_EDGE ( 'NONE', *, *, #447, .F. ) ;
#380 = CARTESIAN_POINT ( 'NONE',  ( 2.982499999999998597, 0.6499999999999998002, 0.8099999999999993872 ) ) ;
#381 = EDGE_CURVE ( 'NONE', #2422, #1153, #2558, .T. ) ;
#382 = LINE ( 'NONE', #2452, #342 ) ;
#383 = FACE_OUTER_BOUND ( 'NONE', #400, .T. ) ;
#384 = PLANE ( 'NONE',  #1849 ) ;
#385 = EDGE_CURVE ( 'NONE', #1672, #1728, #268, .T. ) ;
#386 = ORIENTED_EDGE ( 'NONE', *, *, #289, .T. ) ;
#387 = VERTEX_POINT ( 'NONE', #3142 ) ;
#388 = CARTESIAN_POINT ( 'NONE',  ( 5.080000000000000071, 12.09999999999999964, -2.285000000000360298 ) ) ;
#389 =( BOUNDED_CURVE ( )  B_SPLINE_CURVE ( 3, ( #1696, #1998, #2479, #3260 ),
 .UNSPECIFIED., .F., .F. ) 
 B_SPLINE_CURVE_WITH_KNOTS ( ( 4, 4 ),
 ( 4.834562028024292246, 6.283185307179586232 ),
 .UNSPECIFIED. ) 
 CURVE ( )  GEOMETRIC_REPRESENTATION_ITEM ( )  RATIONAL_B_SPLINE_CURVE ( ( 1.000000000000000000, 0.8326371471926679035, 0.8326371471926679035, 1.000000000000000000 ) ) 
 REPRESENTATION_ITEM ( '' )  );
#390 = LINE ( 'NONE', #2473, #398 ) ;
#391 = FACE_OUTER_BOUND ( 'NONE', #1106, .T. ) ;
#392 = EDGE_CURVE ( 'NONE', #2846, #1979, #2565, .T. ) ;
#393 = EDGE_LOOP ( 'NONE', ( #2993, #1700, #2999, #1708, #1712, #651, #3013, #500, #2917, #1780, #3397, #1723 ) ) ;
#394 = VERTEX_POINT ( 'NONE', #960 ) ;
#395 = EDGE_CURVE ( 'NONE', #2400, #114, #2571, .T. ) ;
#396 = DIRECTION ( 'NONE',  ( -0.000000000000000000, -0.000000000000000000, -1.000000000000000000 ) ) ;
#397 = ADVANCED_FACE ( 'NONE', ( #297 ), #797, .F. ) ;
#398 = VECTOR ( 'NONE', #3012, 1000.000000000000000 ) ;
#399 = LINE ( 'NONE', #3153, #520 ) ;
#400 = EDGE_LOOP ( 'NONE', ( #267, #2237, #2472, #2305 ) ) ;
#401 = ORIENTED_EDGE ( 'NONE', *, *, #3240, .F. ) ;
#402 = FACE_OUTER_BOUND ( 'NONE', #2880, .T. ) ;
#403 = LINE ( 'NONE', #3294, #1566 ) ;
#404 = CARTESIAN_POINT ( 'NONE',  ( 0.4174999999999999267, 2.850000000000000089, 0.4049999999999993605 ) ) ;
#405 = CARTESIAN_POINT ( 'NONE',  ( -5.075000000000001066, 17.10000000000000142, -2.284999999999999698 ) ) ;
#406 = CARTESIAN_POINT ( 'NONE',  ( 2.995780049730349059, 12.09999999999999964, -2.285000000000000142 ) ) ;
#407 = VERTEX_POINT ( 'NONE', #775 ) ;
#408 = VERTEX_POINT ( 'NONE', #1230 ) ;
#409 = FILL_AREA_STYLE ('',( #98 ) ) ;
#410 = AXIS2_PLACEMENT_3D ( 'NONE', #169, #1770, #476 ) ;
#411 = VECTOR ( 'NONE', #953, 1000.000000000000000 ) ;
#412 = PLANE ( 'NONE',  #3226 ) ;
#413 = AXIS2_PLACEMENT_3D ( 'NONE', #1690, #3229, #1793 ) ;
#414 = VERTEX_POINT ( 'NONE', #990 ) ;
#415 = CARTESIAN_POINT ( 'NONE',  ( 0.000000000000000000, 0.000000000000000000, 0.8099999999999993872 ) ) ;
#416 = ORIENTED_EDGE ( 'NONE', *, *, #2870, .F. ) ;
#417 = DIRECTION ( 'NONE',  ( 1.000000000000000000, 0.000000000000000000, 0.000000000000000000 ) ) ;
#418 = VECTOR ( 'NONE', #1791, 1000.000000000000000 ) ;
#419 = VECTOR ( 'NONE', #2988, 1000.000000000000000 ) ;
#420 = ORIENTED_EDGE ( 'NONE', *, *, #2144, .T. ) ;
#421 = ORIENTED_EDGE ( 'NONE', *, *, #1177, .T. ) ;
#422 = DIRECTION ( 'NONE',  ( 1.000000000000000000, 0.000000000000000000, -0.000000000000000000 ) ) ;
#423 = DIRECTION ( 'NONE',  ( -0.000000000000000000, -0.000000000000000000, 1.000000000000000000 ) ) ;
#424 = VECTOR ( 'NONE', #982, 1000.000000000000227 ) ;
#425 =( NAMED_UNIT ( * ) PLANE_ANGLE_UNIT ( ) SI_UNIT ( $, .RADIAN. ) );
#426 = DIRECTION ( 'NONE',  ( 1.000000000000000000, 0.000000000000000000, 0.000000000000000000 ) ) ;
#427 = CARTESIAN_POINT ( 'NONE',  ( 5.049999999999998934, 12.09999999999999964, -1.015000000000000568 ) ) ;
#428 = ORIENTED_EDGE ( 'NONE', *, *, #1338, .T. ) ;
#429 = ORIENTED_EDGE ( 'NONE', *, *, #20, .F. ) ;
#430 = ADVANCED_FACE ( 'NONE', ( #2578 ), #1824, .F. ) ;
#431 = LINE ( 'NONE', #2035, #2746 ) ;
#432 = DIRECTION ( 'NONE',  ( 0.000000000000000000, -0.000000000000000000, 1.000000000000000000 ) ) ;
#433 = CARTESIAN_POINT ( 'NONE',  ( -3.817500000000000338, 2.866314482762529980, 0.5378707994112694735 ) ) ;
#434 = EDGE_CURVE ( 'NONE', #2531, #2726, #2597, .T. ) ;
#435 = ORIENTED_EDGE ( 'NONE', *, *, #101, .T. ) ;
#436 = VERTEX_POINT ( 'NONE', #1036 ) ;
#437 = PLANE ( 'NONE',  #3254 ) ;
#438 = VECTOR ( 'NONE', #2145, 1000.000000000000000 ) ;
#439 = EDGE_CURVE ( 'NONE', #531, #2929, #309, .T. ) ;
#440 = DIRECTION ( 'NONE',  ( -0.000000000000000000, 5.005171518229332485E-17, -1.000000000000000000 ) ) ;
#441 = ORIENTED_EDGE ( 'NONE', *, *, #1038, .F. ) ;
#442 = DIRECTION ( 'NONE',  ( 0.000000000000000000, -1.000000000000000000, 0.000000000000000000 ) ) ;
#443 = EDGE_CURVE ( 'NONE', #114, #547, #2407, .T. ) ;
#444 = ORIENTED_EDGE ( 'NONE', *, *, #3316, .T. ) ;
#445 = LINE ( 'NONE', #2871, #1640 ) ;
#446 = CARTESIAN_POINT ( 'NONE',  ( 0.000000000000000000, 2.850000000000000533, 0.4049999999999993605 ) ) ;
#447 = EDGE_CURVE ( 'NONE', #1376, #1144, #718, .T. ) ;
#448 = EDGE_LOOP ( 'NONE', ( #1128, #359, #1017, #3406 ) ) ;
#449 = ORIENTED_EDGE ( 'NONE', *, *, #2870, .T. ) ;
#450 = DIRECTION ( 'NONE',  ( 1.000000000000000000, 0.000000000000000000, -0.000000000000000000 ) ) ;
#451 = DIRECTION ( 'NONE',  ( 0.000000000000000000, -0.1218693434051406621, -0.9925461516413227603 ) ) ;
#452 = LINE ( 'NONE', #1275, #1616 ) ;
#453 = CARTESIAN_POINT ( 'NONE',  ( -2.947499999999998455, 0.6499999999999999112, 0.8099999999999993872 ) ) ;
#454 = CARTESIAN_POINT ( 'NONE',  ( -2.982499999999999041, -10.05000000000000071, 0.4049999999999993605 ) ) ;
#455 = VERTEX_POINT ( 'NONE', #2105 ) ;
#456 = VERTEX_POINT ( 'NONE', #2381 ) ;
#457 = FACE_OUTER_BOUND ( 'NONE', #2868, .T. ) ;
#458 = DIRECTION ( 'NONE',  ( 2.589139516383294311E-16, -1.000000000000000000, 0.000000000000000000 ) ) ;
#459 = EDGE_CURVE ( 'NONE', #1596, #3350, #1924, .T. ) ;
#460 = CARTESIAN_POINT ( 'NONE',  ( 1.282499999999999307, -10.05000000000000071, 0.8099999999999993872 ) ) ;
#461 = VERTEX_POINT ( 'NONE', #2143 ) ;
#462 = EDGE_LOOP ( 'NONE', ( #2684, #3162, #1088, #2020 ) ) ;
#463 = CARTESIAN_POINT ( 'NONE',  ( 2.995780049730349059, 12.09999999999999964, -1.015000000000000568 ) ) ;
#464 = ADVANCED_FACE ( 'NONE', ( #814 ), #2414, .F. ) ;
#465 = AXIS2_PLACEMENT_3D ( 'NONE', #1470, #2812, #2785 ) ;
#466 = VECTOR ( 'NONE', #916, 1000.000000000000000 ) ;
#467 = CARTESIAN_POINT ( 'NONE',  ( -3.817500000000001226, 0.000000000000000000, 0.8099999999999993872 ) ) ;
#468 = EDGE_LOOP ( 'NONE', ( #2979, #2954, #360, #2843 ) ) ;
#469 = DIRECTION ( 'NONE',  ( -1.000000000000000000, 3.097720492815622937E-15, -0.000000000000000000 ) ) ;
#470 = ORIENTED_EDGE ( 'NONE', *, *, #1338, .F. ) ;
#471 = DIRECTION ( 'NONE',  ( -0.000000000000000000, -1.000000000000000000, -0.000000000000000000 ) ) ;
#472 = LINE ( 'NONE', #233, #2739 ) ;
#473 = CARTESIAN_POINT ( 'NONE',  ( -2.982499999999999929, 0.000000000000000000, 0.8099999999999993872 ) ) ;
#474 = AXIS2_PLACEMENT_3D ( 'NONE', #1957, #1417, #1752 ) ;
#475 = VERTEX_POINT ( 'NONE', #2120 ) ;
#476 = DIRECTION ( 'NONE',  ( 0.000000000000000000, 0.000000000000000000, 1.000000000000000000 ) ) ;
#477 = DIRECTION ( 'NONE',  ( 1.000000000000000000, -0.000000000000000000, -0.000000000000000000 ) ) ;
#478 = MANIFOLD_SOLID_BREP ( 'Cut-Extrude4[1]', #1788 ) ;
#479 = FACE_BOUND ( 'NONE', #1702, .T. ) ;
#480 = CARTESIAN_POINT ( 'NONE',  ( -0.000000000000000000, 2.850000000000000533, 0.4049999999999993605 ) ) ;
#481 = DIRECTION ( 'NONE',  ( -0.000000000000000000, -1.000000000000000000, -0.000000000000000000 ) ) ;
#482 = DIRECTION ( 'NONE',  ( 0.04361938736532880445, -0.9990482215818580203, 0.000000000000000000 ) ) ;
#483 = ORIENTED_EDGE ( 'NONE', *, *, #2563, .T. ) ;
#484 = VECTOR ( 'NONE', #765, 1000.000000000000000 ) ;
#485 = DIRECTION ( 'NONE',  ( -1.000000000000000000, 3.097720492815738111E-15, -0.000000000000000000 ) ) ;
#486 = EDGE_CURVE ( 'NONE', #1133, #3106, #757, .T. ) ;
#487 = CARTESIAN_POINT ( 'NONE',  ( 0.4175000000000003153, 1.022580077288040499E-16, 0.8099999999999993872 ) ) ;
#488 = CARTESIAN_POINT ( 'NONE',  ( 2.995780049730349059, 11.29999999999999893, -1.015000000000000568 ) ) ;
#489 = ORIENTED_EDGE ( 'NONE', *, *, #1681, .F. ) ;
#490 = EDGE_CURVE ( 'NONE', #2156, #1310, #772, .T. ) ;
#491 = DIRECTION ( 'NONE',  ( 0.000000000000000000, 0.000000000000000000, -1.000000000000000000 ) ) ;
#492 = LINE ( 'NONE', #2264, #2759 ) ;
#493 = LINE ( 'NONE', #1484, #538 ) ;
#494 = CARTESIAN_POINT ( 'NONE',  ( 2.995780049730349059, 12.09999999999999964, -2.285000000000000142 ) ) ;
#495 = ORIENTED_EDGE ( 'NONE', *, *, #434, .T. ) ;
#496 = PLANE ( 'NONE',  #3088 ) ;
#497 = ADVANCED_FACE ( 'NONE', ( #1944 ), #2354, .T. ) ;
#498 = VECTOR ( 'NONE', #1548, 1000.000000000000000 ) ;
#499 = VECTOR ( 'NONE', #1437, 1000.000000000000000 ) ;
#500 = ORIENTED_EDGE ( 'NONE', *, *, #2755, .F. ) ;
#501 = DIRECTION ( 'NONE',  ( 0.000000000000000000, 1.000000000000000000, 0.000000000000000000 ) ) ;
#502 = VECTOR ( 'NONE', #3066, 1000.000000000000000 ) ;
#503 = CARTESIAN_POINT ( 'NONE',  ( 1.282499999999999307, 2.899727747165674163, 0.8099999999999994982 ) ) ;
#504 = LINE ( 'NONE', #3166, #2765 ) ;
#505 = VERTEX_POINT ( 'NONE', #1074 ) ;
#506 = PRESENTATION_LAYER_ASSIGNMENT (  '', '', ( #3273 ) ) ;
#507 = FACE_OUTER_BOUND ( 'NONE', #3064, .T. ) ;
#508 = CARTESIAN_POINT ( 'NONE',  ( 3.817499999999998561, 2.850000000000000089, 0.4049999999999993605 ) ) ;
#509 = LINE ( 'NONE', #1134, #499 ) ;
#510 = DIRECTION ( 'NONE',  ( -0.04329486679326730036, -0.1217550711101368088, 0.9916154784836300751 ) ) ;
#511 = VERTEX_POINT ( 'NONE', #1655 ) ;
#512 =( LENGTH_UNIT ( ) NAMED_UNIT ( * ) SI_UNIT ( .MILLI., .METRE. ) );
#513 = CARTESIAN_POINT ( 'NONE',  ( 0.4175000000000003153, 1.022580077288040499E-16, 0.4049999999999993605 ) ) ;
#514 = LINE ( 'NONE', #703, #2764 ) ;
#515 = FACE_OUTER_BOUND ( 'NONE', #1068, .T. ) ;
#516 = DIRECTION ( 'NONE',  ( -0.000000000000000000, -0.000000000000000000, -1.000000000000000000 ) ) ;
#517 = PLANE ( 'NONE',  #2129 ) ;
#518 = ORIENTED_EDGE ( 'NONE', *, *, #1162, .F. ) ;
#519 = AXIS2_PLACEMENT_3D ( 'NONE', #696, #949, #320 ) ;
#520 = VECTOR ( 'NONE', #1864, 1000.000000000000000 ) ;
#521 = VECTOR ( 'NONE', #2567, 1000.000000000000000 ) ;
#522 = ORIENTED_EDGE ( 'NONE', *, *, #892, .T. ) ;
#523 = ORIENTED_EDGE ( 'NONE', *, *, #744, .T. ) ;
#524 = CARTESIAN_POINT ( 'NONE',  ( -1.282499999999999307, 2.898989183858930563, 0.8039848845708893466 ) ) ;
#525 = FACE_OUTER_BOUND ( 'NONE', #1589, .T. ) ;
#526 = EDGE_CURVE ( 'NONE', #1560, #1974, #1940, .T. ) ;
#527 = FILL_AREA_STYLE_COLOUR ( '', #273 ) ;
#528 = FACE_OUTER_BOUND ( 'NONE', #1072, .T. ) ;
#529 = EDGE_CURVE ( 'NONE', #2420, #2596, #3096, .T. ) ;
#530 = ORIENTED_EDGE ( 'NONE', *, *, #2200, .F. ) ;
#531 = VERTEX_POINT ( 'NONE', #3001 ) ;
#532 = VECTOR ( 'NONE', #3342, 1000.000000000000000 ) ;
#533 = EDGE_CURVE ( 'NONE', #149, #599, #747, .T. ) ;
#534 = EDGE_LOOP ( 'NONE', ( #1769, #2830, #1722, #2679 ) ) ;
#535 = CARTESIAN_POINT ( 'NONE',  ( 2.947499999999998899, 0.000000000000000000, 0.8099999999999993872 ) ) ;
#536 = ORIENTED_EDGE ( 'NONE', *, *, #1827, .F. ) ;
#537 = LINE ( 'NONE', #388, #2980 ) ;
#538 = VECTOR ( 'NONE', #1774, 1000.000000000000000 ) ;
#539 = CARTESIAN_POINT ( 'NONE',  ( 3.817500000000001670, -10.05000000000000071, 0.4049999999999993605 ) ) ;
#540 = CARTESIAN_POINT ( 'NONE',  ( -1.282499999999998863, 1.022580077288040499E-16, 0.8099999999999993872 ) ) ;
#541 = ORIENTED_EDGE ( 'NONE', *, *, #381, .F. ) ;
#542 = DIRECTION ( 'NONE',  ( 1.000000000000000000, 0.000000000000000000, 0.000000000000000000 ) ) ;
#543 = ORIENTED_EDGE ( 'NONE', *, *, #3438, .T. ) ;
#544 = LINE ( 'NONE', #1524, #1689 ) ;
#545 = FACE_OUTER_BOUND ( 'NONE', #296, .T. ) ;
#546 = EDGE_LOOP ( 'NONE', ( #2768, #2417, #239, #1236, #2443, #2230, #2302, #103, #94, #229, #1195, #2280 ) ) ;
#547 = VERTEX_POINT ( 'NONE', #1609 ) ;
#548 = PRESENTATION_LAYER_ASSIGNMENT (  '', '', ( #2352 ) ) ;
#549 = LINE ( 'NONE', #107, #2858 ) ;
#550 = SURFACE_STYLE_USAGE ( .BOTH. , #1385 ) ;
#551 = LINE ( 'NONE', #196, #1704 ) ;
#552 = ORIENTED_EDGE ( 'NONE', *, *, #1196, .F. ) ;
#553 = EDGE_CURVE ( 'NONE', #2348, #3059, #3092, .T. ) ;
#554 = ORIENTED_EDGE ( 'NONE', *, *, #3354, .T. ) ;
#555 = EDGE_LOOP ( 'NONE', ( #2295, #244, #1330, #2190 ) ) ;
#556 = LINE ( 'NONE', #3134, #1697 ) ;
#557 = DIRECTION ( 'NONE',  ( -1.000000000000000000, -3.942553354492743038E-16, 0.000000000000000000 ) ) ;
#558 = LINE ( 'NONE', #446, #1664 ) ;
#559 = EDGE_LOOP ( 'NONE', ( #1737, #614, #541, #563 ) ) ;
#560 = VERTEX_POINT ( 'NONE', #11 ) ;
#561 = CARTESIAN_POINT ( 'NONE',  ( 1.000000000000000222, 9.600000000000001421, 2.184999999999998721 ) ) ;
#562 = DIRECTION ( 'NONE',  ( 0.000000000000000000, -0.1218693434051406621, -0.9925461516413227603 ) ) ;
#563 = ORIENTED_EDGE ( 'NONE', *, *, #2750, .T. ) ;
#564 = FACE_OUTER_BOUND ( 'NONE', #2220, .T. ) ;
#565 = AXIS2_PLACEMENT_3D ( 'NONE', #2733, #271, #1324 ) ;
#566 = EDGE_LOOP ( 'NONE', ( #161, #3319, #2059, #176, #3341, #2449 ) ) ;
#567 = CARTESIAN_POINT ( 'NONE',  ( 0.4174999999999999267, 2.850000000000000089, 0.8099999999999993872 ) ) ;
#568 = CARTESIAN_POINT ( 'NONE',  ( -2.117499999999999272, -10.05000000000000071, 0.8099999999999993872 ) ) ;
#569 = EDGE_LOOP ( 'NONE', ( #3380, #1005, #2658, #932 ) ) ;
#570 = DIRECTION ( 'NONE',  ( 0.000000000000000000, 0.000000000000000000, -1.000000000000000000 ) ) ;
#571 = CLOSED_SHELL ( 'NONE', ( #3420, #2508, #1890, #2601, #807, #3186, #213, #2089, #178, #3157, #3027, #2689, #1114, #3270, #1845, #1749, #1379, #1622, #2952, #3292, #3130 ) ) ;
#572 = VECTOR ( 'NONE', #768, 1000.000000000000000 ) ;
#573 = EDGE_CURVE ( 'NONE', #2557, #2252, #733, .T. ) ;
#574 = DIRECTION ( 'NONE',  ( 0.000000000000000000, 1.000000000000000000, 0.000000000000000000 ) ) ;
#575 = LINE ( 'NONE', #812, #1720 ) ;
#576 = VERTEX_POINT ( 'NONE', #3204 ) ;
#577 = ORIENTED_EDGE ( 'NONE', *, *, #1601, .T. ) ;
#578 = EDGE_CURVE ( 'NONE', #1488, #2543, #1948, .T. ) ;
#579 = VERTEX_POINT ( 'NONE', #632 ) ;
#580 = CARTESIAN_POINT ( 'NONE',  ( 0.000000000000000000, 17.53000000000000114, -2.284999999999999698 ) ) ;
#581 = VECTOR ( 'NONE', #2195, 1000.000000000000000 ) ;
#582 = CARTESIAN_POINT ( 'NONE',  ( 5.015394429664240761, 12.07425074707377810, -0.8052891639073324059 ) ) ;
#583 = VECTOR ( 'NONE', #986, 1000.000000000000000 ) ;
#584 = EDGE_CURVE ( 'NONE', #122, #1310, #3028, .T. ) ;
#585 = VERTEX_POINT ( 'NONE', #1516 ) ;
#586 = ADVANCED_FACE ( 'NONE', ( #742 ), #128, .F. ) ;
#587 = ORIENTED_EDGE ( 'NONE', *, *, #2475, .F. ) ;
#588 = VERTEX_POINT ( 'NONE', #1428 ) ;
#589 = CARTESIAN_POINT ( 'NONE',  ( 2.117499999999999272, 2.850000000000000089, 0.4049999999999993605 ) ) ;
#590 = FACE_OUTER_BOUND ( 'NONE', #2900, .T. ) ;
#591 = ORIENTED_EDGE ( 'NONE', *, *, #2410, .F. ) ;
#592 = DIRECTION ( 'NONE',  ( 1.000000000000000000, -2.921657363680125966E-15, 0.000000000000000000 ) ) ;
#593 = ORIENTED_EDGE ( 'NONE', *, *, #2904, .T. ) ;
#594 = CARTESIAN_POINT ( 'NONE',  ( -2.982499999999999485, 0.6500000000000000222, 0.8099999999999993872 ) ) ;
#595 = CARTESIAN_POINT ( 'NONE',  ( -1.000000000000000222, 9.600000000000001421, 2.284999999999998366 ) ) ;
#596 = DIRECTION ( 'NONE',  ( -0.000000000000000000, -0.000000000000000000, -1.000000000000000000 ) ) ;
#597 = EDGE_LOOP ( 'NONE', ( #3376, #755, #2869, #1942 ) ) ;
#598 = FACE_OUTER_BOUND ( 'NONE', #1342, .T. ) ;
#599 = VERTEX_POINT ( 'NONE', #1147 ) ;
#600 = PLANE ( 'NONE',  #3205 ) ;
#601 = PLANE ( 'NONE',  #1990 ) ;
#602 = ORIENTED_EDGE ( 'NONE', *, *, #3172, .F. ) ;
#603 = CARTESIAN_POINT ( 'NONE',  ( -2.117499999999999272, -10.05000000000000071, 0.8099999999999993872 ) ) ;
#604 = ORIENTED_EDGE ( 'NONE', *, *, #1, .F. ) ;
#605 =( GEOMETRIC_REPRESENTATION_CONTEXT ( 3 ) GLOBAL_UNCERTAINTY_ASSIGNED_CONTEXT ( ( #352 ) ) GLOBAL_UNIT_ASSIGNED_CONTEXT ( ( #3250, #41, #3402 ) ) REPRESENTATION_CONTEXT ( 'NONE', 'WORKASPACE' ) );
#606 = DIRECTION ( 'NONE',  ( 0.000000000000000000, 1.000000000000000000, 0.000000000000000000 ) ) ;
#607 = LINE ( 'NONE', #2606, #2881 ) ;
#608 = EDGE_CURVE ( 'NONE', #1716, #1812, #1956, .T. ) ;
#609 = ORIENTED_EDGE ( 'NONE', *, *, #2520, .T. ) ;
#610 = ORIENTED_EDGE ( 'NONE', *, *, #3326, .F. ) ;
#611 = DIRECTION ( 'NONE',  ( -2.589139516383294311E-16, 1.000000000000000000, -0.000000000000000000 ) ) ;
#612 = DIRECTION ( 'NONE',  ( 0.000000000000000000, -0.000000000000000000, -1.000000000000000000 ) ) ;
#613 = LINE ( 'NONE', #2197, #617 ) ;
#614 = ORIENTED_EDGE ( 'NONE', *, *, #1453, .T. ) ;
#615 = ORIENTED_EDGE ( 'NONE', *, *, #2938, .F. ) ;
#616 = CARTESIAN_POINT ( 'NONE',  ( 0.000000000000000000, 1.560568166380710968E-16, -2.285000000000001030 ) ) ;
#617 = VECTOR ( 'NONE', #708, 1000.000000000000000 ) ;
#618 = ORIENTED_EDGE ( 'NONE', *, *, #2016, .T. ) ;
#619 = ADVANCED_FACE ( 'NONE', ( #795 ), #3274, .T. ) ;
#620 = CARTESIAN_POINT ( 'NONE',  ( -2.152499999999998970, 0.6499999999999999112, 0.8099999999999993872 ) ) ;
#621 = ORIENTED_EDGE ( 'NONE', *, *, #3219, .F. ) ;
#622 = VECTOR ( 'NONE', #732, 1000.000000000000227 ) ;
#623 = ORIENTED_EDGE ( 'NONE', *, *, #2663, .F. ) ;
#624 = DIRECTION ( 'NONE',  ( 1.000000000000000000, 0.000000000000000000, 0.000000000000000000 ) ) ;
#625 = EDGE_CURVE ( 'NONE', #2908, #5, #1879, .T. ) ;
#626 = DIRECTION ( 'NONE',  ( -1.000000000000000000, 0.000000000000000000, 0.000000000000000000 ) ) ;
#627 = VERTEX_POINT ( 'NONE', #488 ) ;
#628 =( LENGTH_UNIT ( ) NAMED_UNIT ( * ) SI_UNIT ( .MILLI., .METRE. ) );
#629 = EDGE_CURVE ( 'NONE', #770, #1501, #3056, .T. ) ;
#630 = ORIENTED_EDGE ( 'NONE', *, *, #2211, .T. ) ;
#631 = CARTESIAN_POINT ( 'NONE',  ( 5.075000000000001066, 17.10000000000000142, -1.015000000000001457 ) ) ;
#632 = CARTESIAN_POINT ( 'NONE',  ( -0.4524999999999997913, 0.6499999999999999112, 0.4049999999999993605 ) ) ;
#633 = EDGE_LOOP ( 'NONE', ( #1547, #1579, #2653, #1919 ) ) ;
#634 = EDGE_CURVE ( 'NONE', #79, #2502, #818, .T. ) ;
#635 = ORIENTED_EDGE ( 'NONE', *, *, #1834, .T. ) ;
#636 = CARTESIAN_POINT ( 'NONE',  ( -1.247499999999998943, 0.000000000000000000, 0.8099999999999993872 ) ) ;
#637 = PLANE ( 'NONE',  #2183 ) ;
#638 = ORIENTED_EDGE ( 'NONE', *, *, #2569, .F. ) ;
#639 = CARTESIAN_POINT ( 'NONE',  ( -4.880469490908099672, 11.51786589610922285, 2.284999999999999698 ) ) ;
#640 = ORIENTED_EDGE ( 'NONE', *, *, #334, .T. ) ;
#641 = MANIFOLD_SOLID_BREP ( 'Fillet1', #571 ) ;
#642 = VECTOR ( 'NONE', #910, 1000.000000000000000 ) ;
#643 = ORIENTED_EDGE ( 'NONE', *, *, #1092, .F. ) ;
#644 = VECTOR ( 'NONE', #1916, 1000.000000000000000 ) ;
#645 = AXIS2_PLACEMENT_3D ( 'NONE', #1258, #1289, #2250 ) ;
#646 = DIRECTION ( 'NONE',  ( 0.000000000000000000, 1.000000000000000000, 0.000000000000000000 ) ) ;
#647 = CARTESIAN_POINT ( 'NONE',  ( 3.852499999999998703, 0.000000000000000000, 0.8099999999999993872 ) ) ;
#648 = VERTEX_POINT ( 'NONE', #2800 ) ;
#649 = DIRECTION ( 'NONE',  ( 1.000000000000000000, 0.000000000000000000, 0.000000000000000000 ) ) ;
#650 = AXIS2_PLACEMENT_3D ( 'NONE', #1846, #238, #2080 ) ;
#651 = ORIENTED_EDGE ( 'NONE', *, *, #3282, .F. ) ;
#652 = LINE ( 'NONE', #274, #644 ) ;
#653 = CARTESIAN_POINT ( 'NONE',  ( 5.075000000000001066, 18.45000000000000284, -2.284999999999999698 ) ) ;
#654 = VERTEX_POINT ( 'NONE', #2464 ) ;
#655 = DIRECTION ( 'NONE',  ( -1.000000000000000000, -1.971276677246371519E-16, 0.000000000000000000 ) ) ;
#656 = AXIS2_PLACEMENT_3D ( 'NONE', #2912, #2379, #3163 ) ;
#657 = VERTEX_POINT ( 'NONE', #914 ) ;
#658 = LINE ( 'NONE', #1950, #2936 ) ;
#659 = VERTEX_POINT ( 'NONE', #1707 ) ;
#660 = DIRECTION ( 'NONE',  ( 0.000000000000000000, -0.9925461516413228713, 0.1218693434051406760 ) ) ;
#661 = VERTEX_POINT ( 'NONE', #406 ) ;
#662 = VECTOR ( 'NONE', #3032, 1000.000000000000227 ) ;
#663 = DIRECTION ( 'NONE',  ( 1.000000000000000000, -0.000000000000000000, -0.000000000000000000 ) ) ;
#664 = APPLICATION_CONTEXT ( 'automotive_design' ) ;
#665 = CARTESIAN_POINT ( 'NONE',  ( 1.282499999999999307, -10.05000000000000071, 0.8099999999999993872 ) ) ;
#666 = ORIENTED_EDGE ( 'NONE', *, *, #1851, .F. ) ;
#667 = EDGE_CURVE ( 'NONE', #2838, #1731, #3070, .T. ) ;
#668 = ORIENTED_EDGE ( 'NONE', *, *, #237, .T. ) ;
#669 = VECTOR ( 'NONE', #2391, 1000.000000000000000 ) ;
#670 = CARTESIAN_POINT ( 'NONE',  ( -2.152499999999998970, 0.6499999999999999112, 0.8099999999999993872 ) ) ;
#671 = EDGE_LOOP ( 'NONE', ( #1610, #1754, #2935, #2711, #2961, #1615, #1613, #449, #781, #2635, #3143, #689 ) ) ;
#672 = EDGE_CURVE ( 'NONE', #2722, #547, #3113, .T. ) ;
#673 = CARTESIAN_POINT ( 'NONE',  ( -1.282499999999999307, 2.850000000000000089, 0.8099999999999993872 ) ) ;
#674 = ORIENTED_EDGE ( 'NONE', *, *, #362, .F. ) ;
#675 = DIRECTION ( 'NONE',  ( -1.000000000000000000, 3.097720492815738111E-15, -0.000000000000000000 ) ) ;
#676 = ORIENTED_EDGE ( 'NONE', *, *, #2850, .T. ) ;
#677 = CARTESIAN_POINT ( 'NONE',  ( 0.000000000000000000, 9.249113835655858639E-17, -1.015000000000001457 ) ) ;
#678 = ORIENTED_EDGE ( 'NONE', *, *, #101, .F. ) ;
#679 = LINE ( 'NONE', #3241, #2943 ) ;
#680 = DIRECTION ( 'NONE',  ( -0.000000000000000000, 0.000000000000000000, 1.000000000000000000 ) ) ;
#681 = ORIENTED_EDGE ( 'NONE', *, *, #1740, .F. ) ;
#682 = CARTESIAN_POINT ( 'NONE',  ( 1.247499999999999387, 0.000000000000000000, 0.4049999999999993605 ) ) ;
#683 = FACE_OUTER_BOUND ( 'NONE', #555, .T. ) ;
#684 = ORIENTED_EDGE ( 'NONE', *, *, #701, .T. ) ;
#685 = DIRECTION ( 'NONE',  ( -1.000000000000000000, -1.971276677246371519E-16, 0.000000000000000000 ) ) ;
#686 = DIRECTION ( 'NONE',  ( 0.000000000000000000, -0.9925461516413219831, -0.1218693434051480728 ) ) ;
#687 = ORIENTED_EDGE ( 'NONE', *, *, #672, .F. ) ;
#688 = AXIS2_PLACEMENT_3D ( 'NONE', #2603, #3320, #754 ) ;
#689 = ORIENTED_EDGE ( 'NONE', *, *, #206, .T. ) ;
#690 = DIRECTION ( 'NONE',  ( -0.000000000000000000, -1.000000000000000000, -0.000000000000000000 ) ) ;
#691 = PLANE ( 'NONE',  #194 ) ;
#692 = EDGE_LOOP ( 'NONE', ( #788, #2823, #1666, #832, #2743, #1751, #3094, #444, #676, #2928, #483, #1748 ) ) ;
#693 = ORIENTED_EDGE ( 'NONE', *, *, #3240, .T. ) ;
#694 = ORIENTED_EDGE ( 'NONE', *, *, #1323, .F. ) ;
#695 = AXIS2_PLACEMENT_3D ( 'NONE', #963, #3325, #1833 ) ;
#696 = CARTESIAN_POINT ( 'NONE',  ( 0.000000000000000000, 2.758682226084370193, -0.3387235858003975753 ) ) ;
#697 = EDGE_LOOP ( 'NONE', ( #2930, #1677, #2260, #2347 ) ) ;
#698 = VECTOR ( 'NONE', #396, 1000.000000000000000 ) ;
#699 = SURFACE_SIDE_STYLE ('',( #3201 ) ) ;
#700 = ADVANCED_FACE ( 'NONE', ( #3131 ), #2833, .T. ) ;
#701 = EDGE_CURVE ( 'NONE', #302, #531, #2012, .T. ) ;
#702 = ORIENTED_EDGE ( 'NONE', *, *, #2475, .T. ) ;
#703 = CARTESIAN_POINT ( 'NONE',  ( -3.817499999999998561, -10.05000000000000071, 0.8099999999999993872 ) ) ;
#704 = COLOUR_RGB ( '',0.7921568627450980005, 0.8196078431372548767, 0.9333333333333333481 ) ;
#705 = ORIENTED_EDGE ( 'NONE', *, *, #209, .T. ) ;
#706 = FACE_OUTER_BOUND ( 'NONE', #1559, .T. ) ;
#707 = EDGE_CURVE ( 'NONE', #1356, #1608, #824, .T. ) ;
#708 = DIRECTION ( 'NONE',  ( -0.000000000000000000, -0.000000000000000000, -1.000000000000000000 ) ) ;
#709 = EDGE_LOOP ( 'NONE', ( #3373, #40, #1132, #3423 ) ) ;
#710 = FACE_OUTER_BOUND ( 'NONE', #2232, .T. ) ;
#711 = LINE ( 'NONE', #50, #2816 ) ;
#712 = EDGE_CURVE ( 'NONE', #5, #2908, #2044, .T. ) ;
#713 = CARTESIAN_POINT ( 'NONE',  ( -1.282499999999998863, 0.6499999999999999112, 0.4049999999999993605 ) ) ;
#714 = CARTESIAN_POINT ( 'NONE',  ( 2.117499999999999716, 1.022580077288040499E-16, 0.4049999999999993605 ) ) ;
#715 = ORIENTED_EDGE ( 'NONE', *, *, #3137, .F. ) ;
#716 = DIRECTION ( 'NONE',  ( -1.000000000000000000, -0.000000000000000000, -0.000000000000000000 ) ) ;
#717 = PLANE ( 'NONE',  #2032 ) ;
#718 = LINE ( 'NONE', #1910, #1883 ) ;
#719 = ORIENTED_EDGE ( 'NONE', *, *, #553, .F. ) ;
#720 = CARTESIAN_POINT ( 'NONE',  ( -3.852499999999998259, 0.000000000000000000, 0.8099999999999993872 ) ) ;
#721 = CARTESIAN_POINT ( 'NONE',  ( -5.049999999999999822, 18.45000000000000284, -1.015000000000000124 ) ) ;
#722 = COLOUR_RGB ( '',0.2509803921568627416, 0.2509803921568627416, 0.2509803921568627416 ) ;
#723 = CARTESIAN_POINT ( 'NONE',  ( -3.852499999999998259, 0.000000000000000000, 0.8099999999999993872 ) ) ;
#724 = AXIS2_PLACEMENT_3D ( 'NONE', #616, #1154, #1914 ) ;
#725 = CARTESIAN_POINT ( 'NONE',  ( -3.817499999999999449, 2.850000000000000533, 0.4049999999999993605 ) ) ;
#726 = STYLED_ITEM ( 'NONE', ( #1993 ), #2992 ) ;
#727 = ADVANCED_FACE ( 'NONE', ( #840, #3144 ), #186, .F. ) ;
#728 = CYLINDRICAL_SURFACE ( 'NONE', #836, 1.919999999999998153 ) ;
#729 = DIRECTION ( 'NONE',  ( 0.000000000000000000, -0.000000000000000000, -1.000000000000000000 ) ) ;
#730 = CARTESIAN_POINT ( 'NONE',  ( -5.080000000000000071, 3.080834974497447920, 2.284999999999998810 ) ) ;
#731 = ADVANCED_FACE ( 'NONE', ( #2018 ), #2073, .F. ) ;
#732 = DIRECTION ( 'NONE',  ( 0.04329486679326730036, -0.1217550711101367533, 0.9916154784836300751 ) ) ;
#733 = LINE ( 'NONE', #266, #3017 ) ;
#734 = CARTESIAN_POINT ( 'NONE',  ( 1.282499999999999307, -10.05000000000000071, 0.8099999999999993872 ) ) ;
#735 = CARTESIAN_POINT ( 'NONE',  ( -0.4174999999999999267, -10.05000000000000071, 0.8099999999999993872 ) ) ;
#736 = CYLINDRICAL_SURFACE ( 'NONE', #1572, 1.000000000000000222 ) ;
#737 = VECTOR ( 'NONE', #837, 1000.000000000000227 ) ;
#738 = AXIS2_PLACEMENT_3D ( 'NONE', #2925, #2535, #3371 ) ;
#739 = DIRECTION ( 'NONE',  ( 0.000000000000000000, 0.000000000000000000, 1.000000000000000000 ) ) ;
#740 = SURFACE_STYLE_FILL_AREA ( #3099 ) ;
#741 = EDGE_CURVE ( 'NONE', #114, #2846, #3175, .T. ) ;
#742 = FACE_OUTER_BOUND ( 'NONE', #1604, .T. ) ;
#743 = DIRECTION ( 'NONE',  ( 0.000000000000000000, 5.005171518229332485E-17, -1.000000000000000000 ) ) ;
#744 = EDGE_CURVE ( 'NONE', #17, #659, #3183, .T. ) ;
#745 = CARTESIAN_POINT ( 'NONE',  ( 4.025000000000000355, 6.050000000000000711, -2.285000000000000142 ) ) ;
#746 = LINE ( 'NONE', #1231, #1955 ) ;
#747 = LINE ( 'NONE', #1020, #1905 ) ;
#748 = DIRECTION ( 'NONE',  ( -8.630465054610981035E-17, 1.000000000000000000, -0.000000000000000000 ) ) ;
#749 = EDGE_CURVE ( 'NONE', #2367, #1488, #1997, .T. ) ;
#750 = DIRECTION ( 'NONE',  ( -2.589139516383294311E-16, 1.000000000000000000, -0.000000000000000000 ) ) ;
#751 = EDGE_CURVE ( 'NONE', #1394, #918, #908, .T. ) ;
#752 = ADVANCED_FACE ( 'NONE', ( #3200 ), #211, .T. ) ;
#753 = CARTESIAN_POINT ( 'NONE',  ( -5.080000000000000071, 3.180290468828815165, -2.285000000000000586 ) ) ;
#754 = DIRECTION ( 'NONE',  ( -1.000000000000000000, 2.921657363680126360E-15, 0.000000000000000000 ) ) ;
#755 = ORIENTED_EDGE ( 'NONE', *, *, #443, .F. ) ;
#756 = PLANE ( 'NONE',  #3193 ) ;
#757 = LINE ( 'NONE', #2707, #1863 ) ;
#758 = CARTESIAN_POINT ( 'NONE',  ( -2.117499999999999272, -10.05000000000000071, 0.8099999999999993872 ) ) ;
#759 = VERTEX_POINT ( 'NONE', #3171 ) ;
#760 = AXIS2_PLACEMENT_3D ( 'NONE', #1593, #825, #249 ) ;
#761 = CARTESIAN_POINT ( 'NONE',  ( -3.795780049730349326, 11.29999999999999893, -1.015000000000000568 ) ) ;
#762 = VECTOR ( 'NONE', #1099, 1000.000000000000000 ) ;
#763 = CARTESIAN_POINT ( 'NONE',  ( 2.117499999999999272, 2.850000000000000533, 0.4049999999999993605 ) ) ;
#764 = EDGE_CURVE ( 'NONE', #1728, #1043, #834, .T. ) ;
#765 = DIRECTION ( 'NONE',  ( -0.000000000000000000, -0.000000000000000000, -1.000000000000000000 ) ) ;
#766 = ORIENTED_EDGE ( 'NONE', *, *, #1377, .T. ) ;
#767 = CARTESIAN_POINT ( 'NONE',  ( -2.117499999999999272, 0.6499999999999998002, 0.8099999999999993872 ) ) ;
#768 = DIRECTION ( 'NONE',  ( -0.000000000000000000, -0.000000000000000000, -1.000000000000000000 ) ) ;
#769 = CARTESIAN_POINT ( 'NONE',  ( 4.025000000000000355, 6.050000000000000711, -1.015000000000000568 ) ) ;
#770 = VERTEX_POINT ( 'NONE', #1216 ) ;
#771 = LINE ( 'NONE', #2223, #1886 ) ;
#772 = LINE ( 'NONE', #1873, #1909 ) ;
#773 = DIRECTION ( 'NONE',  ( 0.000000000000000000, 1.000000000000000000, 0.000000000000000000 ) ) ;
#774 = DIRECTION ( 'NONE',  ( 0.000000000000000000, 1.000000000000000000, -0.000000000000000000 ) ) ;
#775 = CARTESIAN_POINT ( 'NONE',  ( 1.247499999999999387, 0.000000000000000000, 0.4049999999999993605 ) ) ;
#776 = VERTEX_POINT ( 'NONE', #1523 ) ;
#777 = VECTOR ( 'NONE', #426, 1000.000000000000000 ) ;
#778 = ADVANCED_FACE ( 'NONE', ( #3119 ), #2903, .T. ) ;
#779 = DIRECTION ( 'NONE',  ( -0.000000000000000000, -0.000000000000000000, -1.000000000000000000 ) ) ;
#780 = EDGE_CURVE ( 'NONE', #802, #759, #3164, .T. ) ;
#781 = ORIENTED_EDGE ( 'NONE', *, *, #2085, .T. ) ;
#782 = DIRECTION ( 'NONE',  ( 0.000000000000000000, 0.000000000000000000, 1.000000000000000000 ) ) ;
#783 = FACE_OUTER_BOUND ( 'NONE', #2375, .T. ) ;
#784 = VECTOR ( 'NONE', #2489, 1000.000000000000000 ) ;
#785 = EDGE_CURVE ( 'NONE', #2011, #2710, #3194, .T. ) ;
#786 = CARTESIAN_POINT ( 'NONE',  ( 2.117500000000002380, -10.05000000000000071, 0.8099999999999993872 ) ) ;
#787 = DIRECTION ( 'NONE',  ( 0.04361938736532880445, 0.9990482215818580203, -0.000000000000000000 ) ) ;
#788 = ORIENTED_EDGE ( 'NONE', *, *, #1015, .F. ) ;
#789 = VECTOR ( 'NONE', #3237, 1000.000000000000227 ) ;
#790 = DIRECTION ( 'NONE',  ( -0.000000000000000000, 5.005171518229332485E-17, -1.000000000000000000 ) ) ;
#791 = DIRECTION ( 'NONE',  ( -1.000000000000000000, 3.097720492815738111E-15, -0.000000000000000000 ) ) ;
#792 = EDGE_CURVE ( 'NONE', #215, #3059, #2061, .T. ) ;
#793 = ORIENTED_EDGE ( 'NONE', *, *, #1929, .T. ) ;
#794 = LINE ( 'NONE', #847, #833 ) ;
#795 = FACE_OUTER_BOUND ( 'NONE', #1286, .T. ) ;
#796 = SHAPE_DEFINITION_REPRESENTATION ( #3411, #2547 ) ;
#797 = PLANE ( 'NONE',  #688 ) ;
#798 = EDGE_LOOP ( 'NONE', ( #1234, #184, #1419, #210 ) ) ;
#799 = LINE ( 'NONE', #1761, #3091 ) ;
#800 = AXIS2_PLACEMENT_3D ( 'NONE', #1565, #3146, #2310 ) ;
#801 = DIRECTION ( 'NONE',  ( 0.000000000000000000, -1.000000000000000000, -1.001144274840630798E-16 ) ) ;
#802 = VERTEX_POINT ( 'NONE', #1787 ) ;
#803 = LINE ( 'NONE', #1800, #844 ) ;
#804 = AXIS2_PLACEMENT_3D ( 'NONE', #2233, #1211, #3107 ) ;
#805 = SURFACE_STYLE_USAGE ( .BOTH. , #1269 ) ;
#806 = DIRECTION ( 'NONE',  ( 1.000000000000000000, 0.000000000000000000, -0.000000000000000000 ) ) ;
#807 = ADVANCED_FACE ( 'NONE', ( #871 ), #193, .F. ) ;
#808 = EDGE_LOOP ( 'NONE', ( #1321, #2455, #3181, #1332, #260, #3388, #2106 ) ) ;
#809 = SURFACE_STYLE_FILL_AREA ( #2983 ) ;
#810 = DIRECTION ( 'NONE',  ( 1.000000000000000000, 0.000000000000000000, 0.000000000000000000 ) ) ;
#811 = CARTESIAN_POINT ( 'NONE',  ( -4.880469490908099672, 11.51786589610922285, 2.284999999999999698 ) ) ;
#812 = CARTESIAN_POINT ( 'NONE',  ( 5.080000000000000071, 3.180290468828815165, -2.285000000000000586 ) ) ;
#813 = VERTEX_POINT ( 'NONE', #2214 ) ;
#814 = FACE_OUTER_BOUND ( 'NONE', #559, .T. ) ;
#815 = PLANE ( 'NONE',  #1587 ) ;
#816 = CARTESIAN_POINT ( 'NONE',  ( 5.049999999999999822, 18.45000000000000284, -2.284999999999999698 ) ) ;
#817 = ORIENTED_EDGE ( 'NONE', *, *, #209, .F. ) ;
#818 = LINE ( 'NONE', #761, #1930 ) ;
#819 = EDGE_CURVE ( 'NONE', #3188, #2217, #3152, .T. ) ;
#820 = CARTESIAN_POINT ( 'NONE',  ( -3.795780049730349326, 11.29999999999999893, -2.285000000000000142 ) ) ;
#821 = EDGE_CURVE ( 'NONE', #3394, #1133, #3168, .T. ) ;
#822 = EDGE_LOOP ( 'NONE', ( #1135, #3429, #1101, #1152 ) ) ;
#823 = LINE ( 'NONE', #454, #851 ) ;
#824 = LINE ( 'NONE', #460, #1963 ) ;
#825 = DIRECTION ( 'NONE',  ( -3.097720492815623332E-15, -1.000000000000000000, 0.000000000000000000 ) ) ;
#826 = PLANE ( 'NONE',  #1425 ) ;
#827 = ORIENTED_EDGE ( 'NONE', *, *, #459, .T. ) ;
#828 = PRESENTATION_STYLE_ASSIGNMENT (( #2793 ) ) ;
#829 = FACE_OUTER_BOUND ( 'NONE', #448, .T. ) ;
#830 = CARTESIAN_POINT ( 'NONE',  ( 3.795780049730349326, 11.29999999999999893, -1.015000000000000568 ) ) ;
#831 = PLANE ( 'NONE',  #3280 ) ;
#832 = ORIENTED_EDGE ( 'NONE', *, *, #395, .T. ) ;
#833 = VECTOR ( 'NONE', #905, 1000.000000000000000 ) ;
#834 = LINE ( 'NONE', #1542, #845 ) ;
#835 = CARTESIAN_POINT ( 'NONE',  ( 5.075000000000001066, 17.10000000000000142, -2.284999999999999698 ) ) ;
#836 = AXIS2_PLACEMENT_3D ( 'NONE', #2140, #2130, #606 ) ;
#837 = DIRECTION ( 'NONE',  ( 0.04329486679326730036, 0.1217550711101367533, -0.9916154784836300751 ) ) ;
#838 = VERTEX_POINT ( 'NONE', #2291 ) ;
#839 = AXIS2_PLACEMENT_3D ( 'NONE', #1917, #2125, #2312 ) ;
#840 = FACE_BOUND ( 'NONE', #131, .T. ) ;
#841 = AXIS2_PLACEMENT_3D ( 'NONE', #3039, #2482, #3057 ) ;
#842 = ORIENTED_EDGE ( 'NONE', *, *, #2893, .T. ) ;
#843 = CARTESIAN_POINT ( 'NONE',  ( -2.995780049730349059, 11.29999999999999893, -1.015000000000000568 ) ) ;
#844 = VECTOR ( 'NONE', #2506, 1000.000000000000000 ) ;
#845 = VECTOR ( 'NONE', #469, 1000.000000000000000 ) ;
#846 =( NAMED_UNIT ( * ) PLANE_ANGLE_UNIT ( ) SI_UNIT ( $, .RADIAN. ) );
#847 = CARTESIAN_POINT ( 'NONE',  ( 0.4525000000000002354, 0.000000000000000000, 0.8099999999999993872 ) ) ;
#848 = CARTESIAN_POINT ( 'NONE',  ( -4.928310574794633858, 2.753705099234714737, 1.189259031079916484 ) ) ;
#849 = DIRECTION ( 'NONE',  ( -0.000000000000000000, -0.000000000000000000, -1.000000000000000000 ) ) ;
#850 = ORIENTED_EDGE ( 'NONE', *, *, #1460, .F. ) ;
#851 = VECTOR ( 'NONE', #2548, 1000.000000000000000 ) ;
#852 = FACE_OUTER_BOUND ( 'NONE', #2437, .T. ) ;
#853 = ADVANCED_FACE ( 'NONE', ( #829 ), #517, .F. ) ;
#854 = CARTESIAN_POINT ( 'NONE',  ( 0.4174999999999999267, 2.850000000000000533, 0.4049999999999993605 ) ) ;
#855 = CARTESIAN_POINT ( 'NONE',  ( -2.982499999999999041, -10.05000000000000071, 0.4049999999999993605 ) ) ;
#856 = EDGE_CURVE ( 'NONE', #190, #127, #1969, .T. ) ;
#857 = CARTESIAN_POINT ( 'NONE',  ( 0.000000000000000000, 9.600000000000001421, 2.184999999999998721 ) ) ;
#858 = ORIENTED_EDGE ( 'NONE', *, *, #459, .F. ) ;
#859 = LINE ( 'NONE', #129, #2017 ) ;
#860 = VECTOR ( 'NONE', #2809, 1000.000000000000000 ) ;
#861 = CARTESIAN_POINT ( 'NONE',  ( 2.982499999999998597, 0.6499999999999998002, 0.8099999999999993872 ) ) ;
#862 = EDGE_CURVE ( 'NONE', #2398, #414, #3159, .T. ) ;
#863 = VECTOR ( 'NONE', #1811, 1000.000000000000000 ) ;
#864 = EDGE_CURVE ( 'NONE', #2251, #348, #1995, .T. ) ;
#865 = CARTESIAN_POINT ( 'NONE',  ( -5.080000000000000071, 3.180290468828815165, -2.285000000000000586 ) ) ;
#866 = ORIENTED_EDGE ( 'NONE', *, *, #741, .F. ) ;
#867 = VECTOR ( 'NONE', #790, 1000.000000000000000 ) ;
#868 = CARTESIAN_POINT ( 'NONE',  ( 5.075000000000001066, 18.45000000000000284, -1.015000000000001457 ) ) ;
#869 = ORIENTED_EDGE ( 'NONE', *, *, #3021, .T. ) ;
#870 = LINE ( 'NONE', #463, #3156 ) ;
#871 = FACE_OUTER_BOUND ( 'NONE', #1678, .T. ) ;
#872 = AXIS2_PLACEMENT_3D ( 'NONE', #1612, #2579, #2638 ) ;
#873 =( NAMED_UNIT ( * ) SI_UNIT ( $, .STERADIAN. ) SOLID_ANGLE_UNIT ( ) );
#874 = VECTOR ( 'NONE', #1545, 1000.000000000000000 ) ;
#875 = VECTOR ( 'NONE', #1764, 1000.000000000000000 ) ;
#876 = ADVANCED_FACE ( 'NONE', ( #904 ), #954, .T. ) ;
#877 = CARTESIAN_POINT ( 'NONE',  ( -2.995780049730349059, 12.09999999999999964, -1.015000000000000568 ) ) ;
#878 = CARTESIAN_POINT ( 'NONE',  ( -0.4174999999999999267, -10.05000000000000071, 0.4049999999999993605 ) ) ;
#879 = ORIENTED_EDGE ( 'NONE', *, *, #1305, .T. ) ;
#880 = VECTOR ( 'NONE', #748, 1000.000000000000000 ) ;
#881 = CARTESIAN_POINT ( 'NONE',  ( -3.817499999999998561, -10.05000000000000071, 0.8099999999999993872 ) ) ;
#882 = CARTESIAN_POINT ( 'NONE',  ( -2.947499999999998455, 0.000000000000000000, 0.4049999999999993605 ) ) ;
#883 = VECTOR ( 'NONE', #2492, 1000.000000000000114 ) ;
#884 = CIRCLE ( 'NONE', #2404, 1.919999999999998153 ) ;
#885 = CARTESIAN_POINT ( 'NONE',  ( -5.049999999999998934, 12.09999999999999964, -1.015000000000000568 ) ) ;
#886 = DIRECTION ( 'NONE',  ( 1.000000000000000000, 0.000000000000000000, -0.000000000000000000 ) ) ;
#887 = AXIS2_PLACEMENT_3D ( 'NONE', #371, #1418, #2819 ) ;
#888 = LINE ( 'NONE', #1227, #2047 ) ;
#889 = DIRECTION ( 'NONE',  ( 1.000000000000000000, 0.000000000000000000, 0.000000000000000000 ) ) ;
#890 = CARTESIAN_POINT ( 'NONE',  ( 2.982499999999998597, -10.05000000000000071, 0.8099999999999993872 ) ) ;
#891 = CARTESIAN_POINT ( 'NONE',  ( 2.982499999999998597, 0.6499999999999998002, 0.4049999999999993605 ) ) ;
#892 = EDGE_CURVE ( 'NONE', #290, #192, #900, .T. ) ;
#893 = VECTOR ( 'NONE', #2783, 1000.000000000000000 ) ;
#894 = DIRECTION ( 'NONE',  ( 0.000000000000000000, -5.005171518229332485E-17, 1.000000000000000000 ) ) ;
#895 = EDGE_CURVE ( 'NONE', #3090, #1564, #2052, .T. ) ;
#896 = DIRECTION ( 'NONE',  ( 0.000000000000000000, -0.1218693434051406621, -0.9925461516413227603 ) ) ;
#897 = CARTESIAN_POINT ( 'NONE',  ( -1.282499999999998863, 1.022580077288040499E-16, 0.4049999999999993605 ) ) ;
#898 = EDGE_CURVE ( 'NONE', #657, #661, #2023, .T. ) ;
#899 = FACE_OUTER_BOUND ( 'NONE', #1094, .T. ) ;
#900 = LINE ( 'NONE', #1467, #863 ) ;
#901 = PLANE ( 'NONE',  #3014 ) ;
#902 = CARTESIAN_POINT ( 'NONE',  ( -3.852499999999998259, 0.000000000000000000, 0.8099999999999993872 ) ) ;
#903 = LINE ( 'NONE', #380, #2001 ) ;
#904 = FACE_OUTER_BOUND ( 'NONE', #1002, .T. ) ;
#905 = DIRECTION ( 'NONE',  ( -0.000000000000000000, -0.000000000000000000, -1.000000000000000000 ) ) ;
#906 = DIRECTION ( 'NONE',  ( 1.000000000000000000, 0.000000000000000000, 0.000000000000000000 ) ) ;
#907 = ORIENTED_EDGE ( 'NONE', *, *, #1283, .F. ) ;
#908 = LINE ( 'NONE', #2918, #2002 ) ;
#909 = DIRECTION ( 'NONE',  ( -0.000000000000000000, -0.000000000000000000, -1.000000000000000000 ) ) ;
#910 = DIRECTION ( 'NONE',  ( -0.000000000000000000, -0.000000000000000000, -1.000000000000000000 ) ) ;
#911 = VECTOR ( 'NONE', #1842, 1000.000000000000000 ) ;
#912 = DIRECTION ( 'NONE',  ( -1.000000000000000000, -1.365923996832131116E-16, -6.836683885010156408E-33 ) ) ;
#913 = PLANE ( 'NONE',  #2738 ) ;
#914 = CARTESIAN_POINT ( 'NONE',  ( 2.995780049730349059, 12.09999999999999964, -1.015000000000000568 ) ) ;
#915 = DIRECTION ( 'NONE',  ( -0.000000000000000000, -1.000000000000000000, -0.000000000000000000 ) ) ;
#916 = DIRECTION ( 'NONE',  ( 0.000000000000000000, 1.000000000000000000, 0.000000000000000000 ) ) ;
#917 = DIRECTION ( 'NONE',  ( -0.000000000000000000, -1.000000000000000000, -0.000000000000000000 ) ) ;
#918 = VERTEX_POINT ( 'NONE', #2841 ) ;
#919 = CARTESIAN_POINT ( 'NONE',  ( -2.947499999999998455, 0.6499999999999999112, 0.4049999999999993605 ) ) ;
#920 = CARTESIAN_POINT ( 'NONE',  ( 5.049999999999998934, 12.09999999999999964, -1.015000000000000568 ) ) ;
#921 = EDGE_CURVE ( 'NONE', #2156, #47, #3124, .T. ) ;
#922 = VERTEX_POINT ( 'NONE', #135 ) ;
#923 = DIRECTION ( 'NONE',  ( 0.000000000000000000, -0.000000000000000000, -1.000000000000000000 ) ) ;
#924 = CARTESIAN_POINT ( 'NONE',  ( 0.000000000000000000, 2.758682226084370193, -0.3387235858003975753 ) ) ;
#925 = EDGE_CURVE ( 'NONE', #2208, #2166, #884, .T. ) ;
#926 = APPLICATION_CONTEXT ( 'automotive_design' ) ;
#927 = ORIENTED_EDGE ( 'NONE', *, *, #2121, .F. ) ;
#928 = VECTOR ( 'NONE', #1643, 1000.000000000000000 ) ;
#929 = CARTESIAN_POINT ( 'NONE',  ( 0.000000000000000000, 2.899727747165673719, 0.8099999999999993872 ) ) ;
#930 = CARTESIAN_POINT ( 'NONE',  ( 1.247499999999999387, 0.000000000000000000, 0.8099999999999993872 ) ) ;
#931 = SURFACE_SIDE_STYLE ('',( #1887 ) ) ;
#932 = ORIENTED_EDGE ( 'NONE', *, *, #3054, .T. ) ;
#933 = VECTOR ( 'NONE', #806, 1000.000000000000000 ) ;
#934 = PLANE ( 'NONE',  #2411 ) ;
#935 = DIRECTION ( 'NONE',  ( 0.000000000000000000, 5.005171518229332485E-17, -1.000000000000000000 ) ) ;
#936 = DIRECTION ( 'NONE',  ( 0.000000000000000000, 0.000000000000000000, -1.000000000000000000 ) ) ;
#937 = VECTOR ( 'NONE', #3291, 1000.000000000000000 ) ;
#938 = DIRECTION ( 'NONE',  ( -0.000000000000000000, -0.000000000000000000, -1.000000000000000000 ) ) ;
#939 = EDGE_CURVE ( 'NONE', #2773, #2117, #1975, .T. ) ;
#940 = ADVANCED_FACE ( 'NONE', ( #852 ), #3332, .T. ) ;
#941 = EDGE_LOOP ( 'NONE', ( #842, #965, #1431, #1034 ) ) ;
#942 =( NAMED_UNIT ( * ) SI_UNIT ( $, .STERADIAN. ) SOLID_ANGLE_UNIT ( ) );
#943 = PLANE ( 'NONE',  #2934 ) ;
#944 =( NAMED_UNIT ( * ) SI_UNIT ( $, .STERADIAN. ) SOLID_ANGLE_UNIT ( ) );
#945 = PLANE ( 'NONE',  #2104 ) ;
#946 = DIRECTION ( 'NONE',  ( 0.000000000000000000, 6.829619984160655581E-17, -1.000000000000000000 ) ) ;
#947 = DIRECTION ( 'NONE',  ( -1.000000000000000000, -0.000000000000000000, -0.000000000000000000 ) ) ;
#948 = AXIS2_PLACEMENT_3D ( 'NONE', #2673, #1359, #235 ) ;
#949 = DIRECTION ( 'NONE',  ( 0.000000000000000000, -0.9925461516413228713, 0.1218693434051406760 ) ) ;
#950 = FILL_AREA_STYLE ('',( #2186 ) ) ;
#951 = ORIENTED_EDGE ( 'NONE', *, *, #1884, .F. ) ;
#952 = CARTESIAN_POINT ( 'NONE',  ( 4.880469490908100560, 3.080834974497447920, 2.284999999999998810 ) ) ;
#953 = DIRECTION ( 'NONE',  ( -0.000000000000000000, -0.000000000000000000, -1.000000000000000000 ) ) ;
#954 = PLANE ( 'NONE',  #3336 ) ;
#955 = ORIENTED_EDGE ( 'NONE', *, *, #1078, .T. ) ;
#956 = DIRECTION ( 'NONE',  ( 2.589139516383294311E-16, -1.000000000000000000, 0.000000000000000000 ) ) ;
#957 = EDGE_CURVE ( 'NONE', #802, #2882, #2029, .T. ) ;
#958 = CARTESIAN_POINT ( 'NONE',  ( -5.049999999999998934, 17.10000000000000142, -2.284999999999999698 ) ) ;
#959 = EDGE_CURVE ( 'NONE', #1715, #330, #888, .T. ) ;
#960 = CARTESIAN_POINT ( 'NONE',  ( -3.817500000000001226, 0.000000000000000000, 0.4049999999999993605 ) ) ;
#961 = UNCERTAINTY_MEASURE_WITH_UNIT (LENGTH_MEASURE( 1.000000000000000082E-05 ), #1399, 'distance_accuracy_value', 'NONE');
#962 = ADVANCED_FACE ( 'NONE', ( #2554 ), #143, .F. ) ;
#963 = CARTESIAN_POINT ( 'NONE',  ( 5.080000000000000071, 12.09999999999999964, -2.285000000000000142 ) ) ;
#964 = DIRECTION ( 'NONE',  ( 1.000000000000000000, 0.000000000000000000, -0.000000000000000000 ) ) ;
#965 = ORIENTED_EDGE ( 'NONE', *, *, #856, .F. ) ;
#966 = CARTESIAN_POINT ( 'NONE',  ( 2.995780049730349059, 12.09999999999999964, -1.015000000000000568 ) ) ;
#967 = EDGE_CURVE ( 'NONE', #838, #1037, #294, .T. ) ;
#968 = CARTESIAN_POINT ( 'NONE',  ( -3.852499999999998259, 0.6499999999999999112, 0.8099999999999993872 ) ) ;
#969 = AXIS2_PLACEMENT_3D ( 'NONE', #3049, #1721, #1499 ) ;
#970 = DIRECTION ( 'NONE',  ( -1.000000000000000000, -0.000000000000000000, -0.000000000000000000 ) ) ;
#971 = DIRECTION ( 'NONE',  ( 1.000000000000000000, -2.921657363680125966E-15, 0.000000000000000000 ) ) ;
#972 = EDGE_CURVE ( 'NONE', #2856, #3359, #2546, .T. ) ;
#973 = CARTESIAN_POINT ( 'NONE',  ( -2.995780049730349059, 12.09999999999999964, -1.015000000000000568 ) ) ;
#974 = DIRECTION ( 'NONE',  ( 1.000000000000000000, -1.365923996832131116E-16, -6.836683885010156408E-33 ) ) ;
#975 = CARTESIAN_POINT ( 'NONE',  ( 2.995780049730349059, 11.29999999999999893, -1.015000000000000568 ) ) ;
#976 = AXIS2_PLACEMENT_3D ( 'NONE', #312, #1067, #1649 ) ;
#977 = CARTESIAN_POINT ( 'NONE',  ( -2.117499999999999272, 0.000000000000000000, 0.8099999999999993872 ) ) ;
#978 = DIRECTION ( 'NONE',  ( 0.000000000000000000, 5.005171518229332485E-17, -1.000000000000000000 ) ) ;
#979 = DIRECTION ( 'NONE',  ( 0.000000000000000000, -1.000000000000000000, -5.005171518229332485E-17 ) ) ;
#980 = ADVANCED_FACE ( 'NONE', ( #336 ), #2218, .T. ) ;
#981 = EDGE_CURVE ( 'NONE', #1046, #475, #1422, .T. ) ;
#982 = DIRECTION ( 'NONE',  ( -2.402381943258827241E-17, 0.1218693434051406621, 0.9925461516413227603 ) ) ;
#983 = CARTESIAN_POINT ( 'NONE',  ( 5.080000000000000071, 12.09999999999999964, -2.285000000000000142 ) ) ;
#984 = EDGE_CURVE ( 'NONE', #1182, #1344, #326, .T. ) ;
#985 = CARTESIAN_POINT ( 'NONE',  ( 3.795780049730349326, 11.29999999999999893, -1.015000000000000568 ) ) ;
#986 = DIRECTION ( 'NONE',  ( -1.000000000000000000, -0.000000000000000000, -0.000000000000000000 ) ) ;
#987 = EDGE_CURVE ( 'NONE', #2596, #1361, #257, .T. ) ;
#988 = CARTESIAN_POINT ( 'NONE',  ( -5.049999999999999822, 18.45000000000000284, -1.015000000000000124 ) ) ;
#989 = CARTESIAN_POINT ( 'NONE',  ( -2.152499999999998970, 0.000000000000000000, 0.8099999999999993872 ) ) ;
#990 = CARTESIAN_POINT ( 'NONE',  ( -4.025000000000000355, 6.050000000000000711, -1.015000000000000568 ) ) ;
#991 = CARTESIAN_POINT ( 'NONE',  ( -4.025000000000000355, 6.050000000000000711, -1.015000000000000568 ) ) ;
#992 = CARTESIAN_POINT ( 'NONE',  ( -5.049999999999998934, 12.09999999999999964, -2.285000000000000142 ) ) ;
#993 = AXIS2_PLACEMENT_3D ( 'NONE', #734, #1819, #2572 ) ;
#994 = DIRECTION ( 'NONE',  ( 1.000000000000000000, 0.000000000000000000, -0.000000000000000000 ) ) ;
#995 = DIRECTION ( 'NONE',  ( -1.000000000000000000, 0.000000000000000000, 0.000000000000000000 ) ) ;
#996 = DIRECTION ( 'NONE',  ( 1.000000000000000000, 0.000000000000000000, 0.000000000000000000 ) ) ;
#997 = CARTESIAN_POINT ( 'NONE',  ( 4.888137493400860123, 11.71637512643748735, 2.109373868681029052 ) ) ;
#998 = CARTESIAN_POINT ( 'NONE',  ( -0.4524999999999997913, 0.000000000000000000, 0.8099999999999993872 ) ) ;
#999 = EDGE_LOOP ( 'NONE', ( #2884, #666, #1765, #1743 ) ) ;
#1000 = ADVANCED_FACE ( 'NONE', ( #383 ), #36, .T. ) ;
#1001 = DIRECTION ( 'NONE',  ( 0.000000000000000000, -5.005171518229332485E-17, 1.000000000000000000 ) ) ;
#1002 = EDGE_LOOP ( 'NONE', ( #623, #1684, #1828, #593, #702, #1866, #668, #495, #1796, #1772, #2984, #2949 ) ) ;
#1003 = SURFACE_STYLE_USAGE ( .BOTH. , #1999 ) ;
#1004 = DIRECTION ( 'NONE',  ( -0.000000000000000000, -0.000000000000000000, -1.000000000000000000 ) ) ;
#1005 = ORIENTED_EDGE ( 'NONE', *, *, #1369, .F. ) ;
#1006 = PLANE ( 'NONE',  #2723 ) ;
#1007 = PLANE ( 'NONE',  #2696 ) ;
#1008 = EDGE_CURVE ( 'NONE', #3236, #192, #269, .T. ) ;
#1009 = CARTESIAN_POINT ( 'NONE',  ( 0.4525000000000002354, 0.000000000000000000, 0.4049999999999993605 ) ) ;
#1010 = CARTESIAN_POINT ( 'NONE',  ( 0.000000000000000000, 0.000000000000000000, 0.8099999999999993872 ) ) ;
#1011 = ORIENTED_EDGE ( 'NONE', *, *, #862, .T. ) ;
#1012 = EDGE_CURVE ( 'NONE', #2953, #627, #2645, .T. ) ;
#1013 = CARTESIAN_POINT ( 'NONE',  ( -2.995780049730349059, 11.29999999999999893, -1.015000000000000568 ) ) ;
#1014 = DIRECTION ( 'NONE',  ( 0.000000000000000000, 1.001144274840630798E-16, -1.000000000000000000 ) ) ;
#1015 = EDGE_CURVE ( 'NONE', #2786, #2730, #1543, .T. ) ;
#1016 = CARTESIAN_POINT ( 'NONE',  ( 3.817499999999999005, 1.022580077288040499E-16, 0.4049999999999993605 ) ) ;
#1017 = ORIENTED_EDGE ( 'NONE', *, *, #2563, .F. ) ;
#1018 = ADVANCED_FACE ( 'NONE', ( #2580 ), #1095, .T. ) ;
#1019 = CARTESIAN_POINT ( 'NONE',  ( 0.4175000000000003153, 1.022580077288040499E-16, 0.4049999999999993605 ) ) ;
#1020 = CARTESIAN_POINT ( 'NONE',  ( 1.282499999999999307, 0.6499999999999998002, 0.4049999999999993605 ) ) ;
#1021 = ORIENTED_EDGE ( 'NONE', *, *, #2703, .T. ) ;
#1022 = AXIS2_PLACEMENT_3D ( 'NONE', #2013, #2194, #935 ) ;
#1023 = CARTESIAN_POINT ( 'NONE',  ( -2.982499999999999485, 0.6500000000000000222, 0.4049999999999993605 ) ) ;
#1024 = CARTESIAN_POINT ( 'NONE',  ( 2.152499999999999414, 0.6499999999999999112, 0.4049999999999993605 ) ) ;
#1025 = ORIENTED_EDGE ( 'NONE', *, *, #1970, .F. ) ;
#1026 = DIRECTION ( 'NONE',  ( 0.000000000000000000, 0.000000000000000000, -1.000000000000000000 ) ) ;
#1027 = ORIENTED_EDGE ( 'NONE', *, *, #2985, .T. ) ;
#1028 = FILL_AREA_STYLE ('',( #1621 ) ) ;
#1029 = DIRECTION ( 'NONE',  ( 0.000000000000000000, -0.000000000000000000, 1.000000000000000000 ) ) ;
#1030 = CARTESIAN_POINT ( 'NONE',  ( -1.282499999999999307, 2.850000000000000533, 0.4049999999999993605 ) ) ;
#1031 = EDGE_LOOP ( 'NONE', ( #2939, #39, #1760, #100 ) ) ;
#1032 = ORIENTED_EDGE ( 'NONE', *, *, #201, .F. ) ;
#1033 = ADVANCED_FACE ( 'NONE', ( #1529 ), #1452, .F. ) ;
#1034 = ORIENTED_EDGE ( 'NONE', *, *, #573, .T. ) ;
#1035 = CARTESIAN_POINT ( 'NONE',  ( 5.049999999999998934, 17.10000000000000142, -2.284999999999999698 ) ) ;
#1036 = CARTESIAN_POINT ( 'NONE',  ( -2.117499999999999272, 0.000000000000000000, 0.8099999999999993872 ) ) ;
#1037 = VERTEX_POINT ( 'NONE', #3125 ) ;
#1038 = EDGE_CURVE ( 'NONE', #1596, #2400, #376, .T. ) ;
#1039 = EDGE_LOOP ( 'NONE', ( #1804, #1822, #587, #1705 ) ) ;
#1040 = ADVANCED_FACE ( 'NONE', ( #1522 ), #2277, .F. ) ;
#1041 = DIRECTION ( 'NONE',  ( 0.000000000000000000, 1.000000000000000000, 4.862051476885460415E-17 ) ) ;
#1042 = CARTESIAN_POINT ( 'NONE',  ( -1.247499999999998943, 0.6499999999999999112, 0.4049999999999993605 ) ) ;
#1043 = VERTEX_POINT ( 'NONE', #1023 ) ;
#1044 = PLANE ( 'NONE',  #839 ) ;
#1045 = CARTESIAN_POINT ( 'NONE',  ( -4.025000000000000355, 6.050000000000000711, -1.015000000000000568 ) ) ;
#1046 = VERTEX_POINT ( 'NONE', #1237 ) ;
#1047 = SURFACE_STYLE_USAGE ( .BOTH. , #699 ) ;
#1048 =( LENGTH_UNIT ( ) NAMED_UNIT ( * ) SI_UNIT ( .MILLI., .METRE. ) );
#1049 = ORIENTED_EDGE ( 'NONE', *, *, #529, .T. ) ;
#1050 = PLANE ( 'NONE',  #367 ) ;
#1051 = EDGE_LOOP ( 'NONE', ( #3112, #1060, #435, #858 ) ) ;
#1052 = CARTESIAN_POINT ( 'NONE',  ( 0.000000000000000000, 2.899727747165673719, 0.8099999999999993872 ) ) ;
#1053 = ORIENTED_EDGE ( 'NONE', *, *, #2189, .F. ) ;
#1054 = ORIENTED_EDGE ( 'NONE', *, *, #1369, .T. ) ;
#1055 = STYLED_ITEM ( 'NONE', ( #3147 ), #2547 ) ;
#1056 = DIRECTION ( 'NONE',  ( 0.000000000000000000, 1.000000000000000000, 0.000000000000000000 ) ) ;
#1057 = ORIENTED_EDGE ( 'NONE', *, *, #533, .F. ) ;
#1058 = MECHANICAL_DESIGN_GEOMETRIC_PRESENTATION_REPRESENTATION (  '', ( #2499 ), #2256 ) ;
#1059 = ADVANCED_FACE ( 'NONE', ( #1490 ), #2553, .F. ) ;
#1060 = ORIENTED_EDGE ( 'NONE', *, *, #2569, .T. ) ;
#1061 = DIRECTION ( 'NONE',  ( 0.000000000000000000, 0.000000000000000000, 1.000000000000000000 ) ) ;
#1062 = PLANE ( 'NONE',  #1633 ) ;
#1063 = ORIENTED_EDGE ( 'NONE', *, *, #3179, .T. ) ;
#1064 = CARTESIAN_POINT ( 'NONE',  ( 3.817500000000001670, -10.05000000000000071, 0.8099999999999993872 ) ) ;
#1065 = ORIENTED_EDGE ( 'NONE', *, *, #2378, .F. ) ;
#1066 = ORIENTED_EDGE ( 'NONE', *, *, #1071, .T. ) ;
#1067 = DIRECTION ( 'NONE',  ( -0.000000000000000000, 0.000000000000000000, 1.000000000000000000 ) ) ;
#1068 = EDGE_LOOP ( 'NONE', ( #1734, #2763, #2, #75 ) ) ;
#1069 = CARTESIAN_POINT ( 'NONE',  ( -2.995780049730349059, 11.29999999999999893, -1.015000000000000568 ) ) ;
#1070 = ORIENTED_EDGE ( 'NONE', *, *, #608, .T. ) ;
#1071 = EDGE_CURVE ( 'NONE', #375, #1570, #2632, .T. ) ;
#1072 = EDGE_LOOP ( 'NONE', ( #1665, #1235, #2804, #2331 ) ) ;
#1073 = CARTESIAN_POINT ( 'NONE',  ( 2.117499999999999716, 1.022580077288040499E-16, 0.4049999999999993605 ) ) ;
#1074 = CARTESIAN_POINT ( 'NONE',  ( 1.247499999999999387, 0.6499999999999999112, 0.4049999999999993605 ) ) ;
#1075 = EDGE_CURVE ( 'NONE', #560, #1206, #1441, .T. ) ;
#1076 = ORIENTED_EDGE ( 'NONE', *, *, #1126, .F. ) ;
#1077 = EDGE_LOOP ( 'NONE', ( #684, #1738, #2648, #2989 ) ) ;
#1078 = EDGE_CURVE ( 'NONE', #1724, #1532, #1517, .T. ) ;
#1079 = CARTESIAN_POINT ( 'NONE',  ( 0.000000000000000000, 2.758682226084370193, -0.3387235858003975753 ) ) ;
#1080 = DIRECTION ( 'NONE',  ( 0.000000000000000000, 5.005171518229332485E-17, -1.000000000000000000 ) ) ;
#1081 = ORIENTED_EDGE ( 'NONE', *, *, #2741, .T. ) ;
#1082 = ADVANCED_FACE ( 'NONE', ( #2626 ), #1006, .F. ) ;
#1083 = EDGE_LOOP ( 'NONE', ( #2821, #1292, #1140, #2344 ) ) ;
#1084 = ORIENTED_EDGE ( 'NONE', *, *, #2211, .F. ) ;
#1085 = LINE ( 'NONE', #2842, #3403 ) ;
#1086 = ORIENTED_EDGE ( 'NONE', *, *, #925, .T. ) ;
#1087 = CARTESIAN_POINT ( 'NONE',  ( 0.4175000000000003153, 1.022580077288040499E-16, 0.8099999999999993872 ) ) ;
#1088 = ORIENTED_EDGE ( 'NONE', *, *, #2349, .T. ) ;
#1089 = DIRECTION ( 'NONE',  ( 0.000000000000000000, 1.000000000000000000, 5.005171518229332485E-17 ) ) ;
#1090 = VECTOR ( 'NONE', #2544, 1000.000000000000114 ) ;
#1091 = ORIENTED_EDGE ( 'NONE', *, *, #1502, .F. ) ;
#1092 = EDGE_CURVE ( 'NONE', #456, #2814, #1537, .T. ) ;
#1093 = AXIS2_PLACEMENT_3D ( 'NONE', #251, #2617, #996 ) ;
#1094 = EDGE_LOOP ( 'NONE', ( #1053, #1161, #121, #2466 ) ) ;
#1095 = PLANE ( 'NONE',  #2209 ) ;
#1096 = PLANE ( 'NONE',  #3050 ) ;
#1097 = ORIENTED_EDGE ( 'NONE', *, *, #76, .F. ) ;
#1098 = STYLED_ITEM ( 'NONE', ( #2346 ), #9 ) ;
#1099 = DIRECTION ( 'NONE',  ( -0.000000000000000000, -0.000000000000000000, -1.000000000000000000 ) ) ;
#1100 = LINE ( 'NONE', #3038, #2273 ) ;
#1101 = ORIENTED_EDGE ( 'NONE', *, *, #1404, .F. ) ;
#1102 = MECHANICAL_DESIGN_GEOMETRIC_PRESENTATION_REPRESENTATION (  '', ( #1055 ), #1149 ) ;
#1103 = ORIENTED_EDGE ( 'NONE', *, *, #2123, .F. ) ;
#1104 = LINE ( 'NONE', #2538, #1163 ) ;
#1105 = CARTESIAN_POINT ( 'NONE',  ( 2.117500000000002380, -10.05000000000000071, 0.4049999999999993605 ) ) ;
#1106 = EDGE_LOOP ( 'NONE', ( #2704, #2181, #2616, #1054 ) ) ;
#1107 =( BOUNDED_CURVE ( )  B_SPLINE_CURVE ( 3, ( #811, #3180, #2646, #3417 ),
 .UNSPECIFIED., .F., .F. ) 
 B_SPLINE_CURVE_WITH_KNOTS ( ( 4, 4 ),
 ( 3.141592653589793116, 4.590215932745085325 ),
 .UNSPECIFIED. ) 
 CURVE ( )  GEOMETRIC_REPRESENTATION_ITEM ( )  RATIONAL_B_SPLINE_CURVE ( ( 1.000000000000000000, 0.8326371471926684587, 0.8326371471926684587, 1.000000000000000000 ) ) 
 REPRESENTATION_ITEM ( '' )  );
#1108 = VERTEX_POINT ( 'NONE', #3169 ) ;
#1109 = CARTESIAN_POINT ( 'NONE',  ( 0.4175000000000003153, 0.6499999999999999112, 0.4049999999999993605 ) ) ;
#1110 = ORIENTED_EDGE ( 'NONE', *, *, #1779, .F. ) ;
#1111 = LINE ( 'NONE', #256, #2244 ) ;
#1112 = ORIENTED_EDGE ( 'NONE', *, *, #2382, .T. ) ;
#1113 = DIRECTION ( 'NONE',  ( 1.000000000000000000, 0.000000000000000000, 0.000000000000000000 ) ) ;
#1114 = ADVANCED_FACE ( 'NONE', ( #391 ), #3323, .F. ) ;
#1115 = CARTESIAN_POINT ( 'NONE',  ( -2.947499999999998455, 0.000000000000000000, 0.8099999999999993872 ) ) ;
#1116 = ORIENTED_EDGE ( 'NONE', *, *, #2985, .F. ) ;
#1117 = FILL_AREA_STYLE ('',( #32 ) ) ;
#1118 = FACE_OUTER_BOUND ( 'NONE', #822, .T. ) ;
#1119 = EDGE_CURVE ( 'NONE', #1218, #2911, #1474, .T. ) ;
#1120 = ORIENTED_EDGE ( 'NONE', *, *, #981, .F. ) ;
#1121 = ORIENTED_EDGE ( 'NONE', *, *, #712, .T. ) ;
#1122 = DIRECTION ( 'NONE',  ( 0.000000000000000000, -1.000000000000000000, 0.000000000000000000 ) ) ;
#1123 = EDGE_CURVE ( 'NONE', #3090, #2075, #1410, .T. ) ;
#1124 = DIRECTION ( 'NONE',  ( 0.000000000000000000, 0.000000000000000000, 1.000000000000000000 ) ) ;
#1125 = VECTOR ( 'NONE', #3068, 1000.000000000000000 ) ;
#1126 = EDGE_CURVE ( 'NONE', #1570, #3359, #1510, .T. ) ;
#1127 = ORIENTED_EDGE ( 'NONE', *, *, #3058, .F. ) ;
#1128 = ORIENTED_EDGE ( 'NONE', *, *, #3137, .T. ) ;
#1129 = DIRECTION ( 'NONE',  ( -0.000000000000000000, -0.000000000000000000, -1.000000000000000000 ) ) ;
#1130 = ORIENTED_EDGE ( 'NONE', *, *, #1515, .T. ) ;
#1131 = LINE ( 'NONE', #1498, #3422 ) ;
#1132 = ORIENTED_EDGE ( 'NONE', *, *, #2010, .F. ) ;
#1133 = VERTEX_POINT ( 'NONE', #2608 ) ;
#1134 = CARTESIAN_POINT ( 'NONE',  ( -2.117499999999999272, -10.05000000000000071, 0.8099999999999993872 ) ) ;
#1135 = ORIENTED_EDGE ( 'NONE', *, *, #939, .T. ) ;
#1136 = FACE_OUTER_BOUND ( 'NONE', #1582, .T. ) ;
#1137 = VERTEX_POINT ( 'NONE', #758 ) ;
#1138 = AXIS2_PLACEMENT_3D ( 'NONE', #2168, #3289, #2030 ) ;
#1139 = DIRECTION ( 'NONE',  ( -1.971276677246371519E-16, 1.000000000000000000, -0.000000000000000000 ) ) ;
#1140 = ORIENTED_EDGE ( 'NONE', *, *, #921, .F. ) ;
#1141 = VECTOR ( 'NONE', #626, 1000.000000000000000 ) ;
#1142 = ORIENTED_EDGE ( 'NONE', *, *, #56, .F. ) ;
#1143 = ORIENTED_EDGE ( 'NONE', *, *, #707, .T. ) ;
#1144 = VERTEX_POINT ( 'NONE', #2307 ) ;
#1145 = CARTESIAN_POINT ( 'NONE',  ( 2.947499999999998899, 0.6499999999999999112, 0.8099999999999993872 ) ) ;
#1146 = ORIENTED_EDGE ( 'NONE', *, *, #1119, .F. ) ;
#1147 = CARTESIAN_POINT ( 'NONE',  ( 1.282499999999999307, 0.6499999999999998002, 0.4049999999999993605 ) ) ;
#1148 = VECTOR ( 'NONE', #3233, 1000.000000000000000 ) ;
#1149 =( GEOMETRIC_REPRESENTATION_CONTEXT ( 3 ) GLOBAL_UNCERTAINTY_ASSIGNED_CONTEXT ( ( #961 ) ) GLOBAL_UNIT_ASSIGNED_CONTEXT ( ( #1399, #1729, #2745 ) ) REPRESENTATION_CONTEXT ( 'NONE', 'WORKASPACE' ) );
#1150 = ORIENTED_EDGE ( 'NONE', *, *, #1008, .F. ) ;
#1151 = CARTESIAN_POINT ( 'NONE',  ( -1.282499999999998863, 1.022580077288040499E-16, 0.4049999999999993605 ) ) ;
#1152 = ORIENTED_EDGE ( 'NONE', *, *, #52, .T. ) ;
#1153 = VERTEX_POINT ( 'NONE', #1892 ) ;
#1154 = DIRECTION ( 'NONE',  ( 0.000000000000000000, 6.829619984160655581E-17, -1.000000000000000000 ) ) ;
#1155 = EDGE_LOOP ( 'NONE', ( #1340, #2171, #869, #3212 ) ) ;
#1156 = LINE ( 'NONE', #2100, #1141 ) ;
#1157 = DIRECTION ( 'NONE',  ( 0.000000000000000000, -0.000000000000000000, -1.000000000000000000 ) ) ;
#1158 = CARTESIAN_POINT ( 'NONE',  ( 5.080000000000000071, 12.09999999999999964, -2.285000000000000142 ) ) ;
#1159 = LINE ( 'NONE', #786, #87 ) ;
#1160 = ORIENTED_EDGE ( 'NONE', *, *, #49, .T. ) ;
#1161 = ORIENTED_EDGE ( 'NONE', *, *, #2657, .F. ) ;
#1162 = EDGE_CURVE ( 'NONE', #2882, #74, #344, .T. ) ;
#1163 = VECTOR ( 'NONE', #2810, 1000.000000000000000 ) ;
#1164 = VECTOR ( 'NONE', #3367, 1000.000000000000000 ) ;
#1165 = VERTEX_POINT ( 'NONE', #2937 ) ;
#1166 = DIRECTION ( 'NONE',  ( -1.000000000000000000, 0.000000000000000000, 0.000000000000000000 ) ) ;
#1167 = ORIENTED_EDGE ( 'NONE', *, *, #2164, .F. ) ;
#1168 = EDGE_CURVE ( 'NONE', #776, #1206, #2610, .T. ) ;
#1169 = PLANE ( 'NONE',  #1349 ) ;
#1170 = CARTESIAN_POINT ( 'NONE',  ( 2.982499999999998597, 0.6499999999999998002, 0.8099999999999993872 ) ) ;
#1171 = CARTESIAN_POINT ( 'NONE',  ( 5.080000000000000071, 12.09999999999999964, -2.285000000000000142 ) ) ;
#1172 = LINE ( 'NONE', #3089, #2287 ) ;
#1173 = EDGE_LOOP ( 'NONE', ( #308, #470, #3139, #3081 ) ) ;
#1174 = ORIENTED_EDGE ( 'NONE', *, *, #174, .F. ) ;
#1175 = ORIENTED_EDGE ( 'NONE', *, *, #2481, .T. ) ;
#1176 = DIRECTION ( 'NONE',  ( -0.000000000000000000, 1.000000000000000000, 5.005171518229332485E-17 ) ) ;
#1177 = EDGE_CURVE ( 'NONE', #436, #173, #349, .T. ) ;
#1178 = ORIENTED_EDGE ( 'NONE', *, *, #584, .F. ) ;
#1179 = CARTESIAN_POINT ( 'NONE',  ( 2.947499999999998899, 0.000000000000000000, 0.4049999999999993605 ) ) ;
#1180 = VECTOR ( 'NONE', #2853, 1000.000000000000000 ) ;
#1181 = CARTESIAN_POINT ( 'NONE',  ( 3.795780049730349326, 11.29999999999999893, -1.015000000000000568 ) ) ;
#1182 = VERTEX_POINT ( 'NONE', #270 ) ;
#1183 = ADVANCED_FACE ( 'NONE', ( #1485 ), #1562, .F. ) ;
#1184 = ORIENTED_EDGE ( 'NONE', *, *, #780, .T. ) ;
#1185 = VECTOR ( 'NONE', #3300, 1000.000000000000000 ) ;
#1186 = DIRECTION ( 'NONE',  ( -0.000000000000000000, -0.000000000000000000, -1.000000000000000000 ) ) ;
#1187 = DIRECTION ( 'NONE',  ( -0.000000000000000000, -1.000000000000000000, -0.000000000000000000 ) ) ;
#1188 = LINE ( 'NONE', #2973, #38 ) ;
#1189 = ORIENTED_EDGE ( 'NONE', *, *, #2196, .F. ) ;
#1190 = ORIENTED_EDGE ( 'NONE', *, *, #2192, .F. ) ;
#1191 = CARTESIAN_POINT ( 'NONE',  ( -5.024550602506180574, 12.09999999999999964, -1.015000000000000124 ) ) ;
#1192 = AXIS2_PLACEMENT_3D ( 'NONE', #1335, #1899, #2885 ) ;
#1193 = LINE ( 'NONE', #1444, #43 ) ;
#1194 = LINE ( 'NONE', #3232, #2342 ) ;
#1195 = ORIENTED_EDGE ( 'NONE', *, *, #984, .T. ) ;
#1196 = EDGE_CURVE ( 'NONE', #1206, #2730, #2598, .T. ) ;
#1197 = CARTESIAN_POINT ( 'NONE',  ( 2.995780049730349059, 12.09999999999999964, -1.015000000000000568 ) ) ;
#1198 = ORIENTED_EDGE ( 'NONE', *, *, #925, .F. ) ;
#1199 = CARTESIAN_POINT ( 'NONE',  ( 2.947499999999998899, 0.000000000000000000, 0.8099999999999993872 ) ) ;
#1200 = PLANE ( 'NONE',  #1952 ) ;
#1201 = PLANE ( 'NONE',  #2641 ) ;
#1202 = FACE_OUTER_BOUND ( 'NONE', #1471, .T. ) ;
#1203 = EDGE_LOOP ( 'NONE', ( #678, #1869, #1627, #715, #379, #681, #2644, #1541, #1847, #1839, #687, #1762 ) ) ;
#1204 = PRODUCT ( 'POD_TO-220-5L_TFME_rev_A', 'POD_TO-220-5L_TFME_rev_A', '', ( #2395 ) ) ;
#1205 = ORIENTED_EDGE ( 'NONE', *, *, #3172, .T. ) ;
#1206 = VERTEX_POINT ( 'NONE', #3239 ) ;
#1207 = DIRECTION ( 'NONE',  ( -1.000000000000000000, 0.000000000000000000, 0.000000000000000000 ) ) ;
#1208 = DIRECTION ( 'NONE',  ( 1.000000000000000000, 0.000000000000000000, 0.000000000000000000 ) ) ;
#1209 = FACE_OUTER_BOUND ( 'NONE', #808, .T. ) ;
#1210 = VECTOR ( 'NONE', #2136, 1000.000000000000000 ) ;
#1211 = DIRECTION ( 'NONE',  ( 0.000000000000000000, 5.005171518229331869E-17, -1.000000000000000000 ) ) ;
#1212 = ORIENTED_EDGE ( 'NONE', *, *, #1784, .T. ) ;
#1213 = EDGE_LOOP ( 'NONE', ( #3399, #1382, #163, #2523 ) ) ;
#1214 = DIRECTION ( 'NONE',  ( 0.000000000000000000, 5.005171518229331869E-17, -1.000000000000000000 ) ) ;
#1215 = LINE ( 'NONE', #3247, #1148 ) ;
#1216 = CARTESIAN_POINT ( 'NONE',  ( -3.817500000000000338, 2.899727747165673719, 0.8099999999999994982 ) ) ;
#1217 = LINE ( 'NONE', #2110, #1285 ) ;
#1218 = VERTEX_POINT ( 'NONE', #1947 ) ;
#1219 = ADVANCED_FACE ( 'NONE', ( #2542 ), #412, .F. ) ;
#1220 = ORIENTED_EDGE ( 'NONE', *, *, #1012, .F. ) ;
#1221 = EDGE_CURVE ( 'NONE', #1137, #2727, #2651, .T. ) ;
#1222 = DIRECTION ( 'NONE',  ( 0.000000000000000000, 0.9925461516413228713, -0.1218693434051408009 ) ) ;
#1223 = FACE_OUTER_BOUND ( 'NONE', #3378, .T. ) ;
#1224 = EDGE_CURVE ( 'NONE', #661, #2252, #2656, .T. ) ;
#1225 = FACE_OUTER_BOUND ( 'NONE', #3414, .T. ) ;
#1226 = ORIENTED_EDGE ( 'NONE', *, *, #895, .T. ) ;
#1227 = CARTESIAN_POINT ( 'NONE',  ( -3.852499999999998259, 0.000000000000000000, 0.8099999999999993872 ) ) ;
#1228 = DIRECTION ( 'NONE',  ( -0.000000000000000000, 1.000000000000000000, -0.000000000000000000 ) ) ;
#1229 = ORIENTED_EDGE ( 'NONE', *, *, #201, .T. ) ;
#1230 = CARTESIAN_POINT ( 'NONE',  ( -4.025000000000000355, 6.050000000000000711, -2.285000000000000142 ) ) ;
#1231 = CARTESIAN_POINT ( 'NONE',  ( 1.282499999999999307, -10.05000000000000071, 0.4049999999999993605 ) ) ;
#1232 = DIRECTION ( 'NONE',  ( 0.000000000000000000, -1.000000000000000000, 0.000000000000000000 ) ) ;
#1233 = VECTOR ( 'NONE', #611, 1000.000000000000000 ) ;
#1234 = ORIENTED_EDGE ( 'NONE', *, *, #345, .F. ) ;
#1235 = ORIENTED_EDGE ( 'NONE', *, *, #3238, .F. ) ;
#1236 = ORIENTED_EDGE ( 'NONE', *, *, #1938, .T. ) ;
#1237 = CARTESIAN_POINT ( 'NONE',  ( -0.4174999999999999267, 0.6499999999999998002, 0.8099999999999993872 ) ) ;
#1238 = VECTOR ( 'NONE', #199, 1000.000000000000114 ) ;
#1239 = VECTOR ( 'NONE', #2690, 1000.000000000000000 ) ;
#1240 = DIRECTION ( 'NONE',  ( -2.589139516383294311E-16, 1.000000000000000000, -0.000000000000000000 ) ) ;
#1241 = ORIENTED_EDGE ( 'NONE', *, *, #1938, .F. ) ;
#1242 = ORIENTED_EDGE ( 'NONE', *, *, #1274, .F. ) ;
#1243 = CARTESIAN_POINT ( 'NONE',  ( 2.947499999999998899, 0.6499999999999999112, 0.8099999999999993872 ) ) ;
#1244 = VECTOR ( 'NONE', #1706, 1000.000000000000000 ) ;
#1245 = DIRECTION ( 'NONE',  ( 0.000000000000000000, -1.000000000000000000, 0.000000000000000000 ) ) ;
#1246 = CARTESIAN_POINT ( 'NONE',  ( -2.982499999999999041, -10.05000000000000071, 0.8099999999999993872 ) ) ;
#1247 = ORIENTED_EDGE ( 'NONE', *, *, #1681, .T. ) ;
#1248 = PRESENTATION_LAYER_ASSIGNMENT (  '', '', ( #1098 ) ) ;
#1249 = ORIENTED_EDGE ( 'NONE', *, *, #42, .F. ) ;
#1250 = LINE ( 'NONE', #2439, #2397 ) ;
#1251 = ORIENTED_EDGE ( 'NONE', *, *, #3029, .F. ) ;
#1252 = FACE_OUTER_BOUND ( 'NONE', #999, .T. ) ;
#1253 = ORIENTED_EDGE ( 'NONE', *, *, #2138, .F. ) ;
#1254 = DIRECTION ( 'NONE',  ( 1.000000000000000000, 0.000000000000000000, 0.000000000000000000 ) ) ;
#1255 = ADVANCED_FACE ( 'NONE', ( #1400 ), #2686, .F. ) ;
#1256 = DIRECTION ( 'NONE',  ( 1.000000000000000000, 0.000000000000000000, 0.000000000000000000 ) ) ;
#1257 = ORIENTED_EDGE ( 'NONE', *, *, #1453, .F. ) ;
#1258 = CARTESIAN_POINT ( 'NONE',  ( -0.4524999999999997913, 0.6499999999999999112, 0.8099999999999993872 ) ) ;
#1259 = LINE ( 'NONE', #1795, #2406 ) ;
#1260 = ORIENTED_EDGE ( 'NONE', *, *, #1784, .F. ) ;
#1261 = PRESENTATION_LAYER_ASSIGNMENT (  '', '', ( #1767 ) ) ;
#1262 = FACE_OUTER_BOUND ( 'NONE', #3370, .T. ) ;
#1263 = ORIENTED_EDGE ( 'NONE', *, *, #939, .F. ) ;
#1264 = ORIENTED_EDGE ( 'NONE', *, *, #2844, .T. ) ;
#1265 = CARTESIAN_POINT ( 'NONE',  ( -3.817499999999998561, 0.6499999999999999112, 0.4049999999999993605 ) ) ;
#1266 = CARTESIAN_POINT ( 'NONE',  ( 2.982499999999998597, -10.05000000000000071, 0.4049999999999993605 ) ) ;
#1267 = EDGE_CURVE ( 'NONE', #2401, #1108, #2568, .T. ) ;
#1268 = VECTOR ( 'NONE', #1771, 1000.000000000000114 ) ;
#1269 = SURFACE_SIDE_STYLE ('',( #2383 ) ) ;
#1270 = FACE_OUTER_BOUND ( 'NONE', #154, .T. ) ;
#1271 = DIRECTION ( 'NONE',  ( 0.000000000000000000, 0.000000000000000000, 1.000000000000000000 ) ) ;
#1272 = VERTEX_POINT ( 'NONE', #2713 ) ;
#1273 = ORIENTED_EDGE ( 'NONE', *, *, #2236, .T. ) ;
#1274 = EDGE_CURVE ( 'NONE', #2942, #1182, #372, .T. ) ;
#1275 = CARTESIAN_POINT ( 'NONE',  ( 5.049999999999998934, 17.10000000000000142, -1.015000000000001457 ) ) ;
#1276 = FACE_OUTER_BOUND ( 'NONE', #1454, .T. ) ;
#1277 = CARTESIAN_POINT ( 'NONE',  ( 0.4175000000000029243, -10.05000000000000071, 0.8099999999999993872 ) ) ;
#1278 = EDGE_CURVE ( 'NONE', #505, #407, #1429, .T. ) ;
#1279 = ORIENTED_EDGE ( 'NONE', *, *, #240, .F. ) ;
#1280 = VERTEX_POINT ( 'NONE', #881 ) ;
#1281 = ORIENTED_EDGE ( 'NONE', *, *, #2909, .T. ) ;
#1282 = DIRECTION ( 'NONE',  ( 0.000000000000000000, 1.000000000000000000, 0.000000000000000000 ) ) ;
#1283 = EDGE_CURVE ( 'NONE', #2914, #248, #287, .T. ) ;
#1284 = FACE_OUTER_BOUND ( 'NONE', #26, .T. ) ;
#1285 = VECTOR ( 'NONE', #995, 1000.000000000000000 ) ;
#1286 = EDGE_LOOP ( 'NONE', ( #3431, #55, #2309, #2393 ) ) ;
#1287 = CARTESIAN_POINT ( 'NONE',  ( 1.282499999999999307, 0.6499999999999998002, 0.8099999999999993872 ) ) ;
#1288 = ORIENTED_EDGE ( 'NONE', *, *, #1511, .F. ) ;
#1289 = DIRECTION ( 'NONE',  ( -3.097720492815738111E-15, -1.000000000000000000, 0.000000000000000000 ) ) ;
#1290 = VECTOR ( 'NONE', #1581, 1000.000000000000000 ) ;
#1291 = LINE ( 'NONE', #3434, #2435 ) ;
#1292 = ORIENTED_EDGE ( 'NONE', *, *, #2442, .F. ) ;
#1293 = ADVANCED_FACE ( 'NONE', ( #479, #2754 ), #327, .T. ) ;
#1294 = UNCERTAINTY_MEASURE_WITH_UNIT (LENGTH_MEASURE( 1.000000000000000082E-05 ), #2046, 'distance_accuracy_value', 'NONE');
#1295 = ORIENTED_EDGE ( 'NONE', *, *, #2083, .F. ) ;
#1296 = CARTESIAN_POINT ( 'NONE',  ( 2.152499999999999414, 0.6499999999999999112, 0.8099999999999993872 ) ) ;
#1297 = AXIS2_PLACEMENT_3D ( 'NONE', #2524, #1176, #894 ) ;
#1298 = LINE ( 'NONE', #2982, #2389 ) ;
#1299 = CARTESIAN_POINT ( 'NONE',  ( -1.282499999999998863, 0.6499999999999999112, 0.4049999999999993605 ) ) ;
#1300 = LINE ( 'NONE', #568, #1309 ) ;
#1301 = ORIENTED_EDGE ( 'NONE', *, *, #2236, .F. ) ;
#1302 = EDGE_CURVE ( 'NONE', #3188, #2210, #1667, .T. ) ;
#1303 = ORIENTED_EDGE ( 'NONE', *, *, #2116, .F. ) ;
#1304 = CARTESIAN_POINT ( 'NONE',  ( 3.817499999999999005, 1.022580077288040499E-16, 0.8099999999999993872 ) ) ;
#1305 = EDGE_CURVE ( 'NONE', #1394, #2718, #2732, .T. ) ;
#1306 = LINE ( 'NONE', #170, #2469 ) ;
#1307 = CARTESIAN_POINT ( 'NONE',  ( -4.025000000000000355, 6.050000000000000711, -1.015000000000000568 ) ) ;
#1308 = DIRECTION ( 'NONE',  ( 0.000000000000000000, 0.000000000000000000, 1.000000000000000000 ) ) ;
#1309 = VECTOR ( 'NONE', #2137, 1000.000000000000000 ) ;
#1310 = VERTEX_POINT ( 'NONE', #2493 ) ;
#1311 = ORIENTED_EDGE ( 'NONE', *, *, #2382, .F. ) ;
#1312 = LINE ( 'NONE', #3082, #2474 ) ;
#1313 = ORIENTED_EDGE ( 'NONE', *, *, #3306, .F. ) ;
#1314 = DIRECTION ( 'NONE',  ( 0.000000000000000000, 0.000000000000000000, 1.000000000000000000 ) ) ;
#1315 = ORIENTED_EDGE ( 'NONE', *, *, #1951, .T. ) ;
#1316 = DIRECTION ( 'NONE',  ( -0.000000000000000000, -1.000000000000000000, -0.000000000000000000 ) ) ;
#1317 = AXIS2_PLACEMENT_3D ( 'NONE', #2839, #1214, #162 ) ;
#1318 = LINE ( 'NONE', #241, #2459 ) ;
#1319 = LINE ( 'NONE', #2202, #1414 ) ;
#1320 = ORIENTED_EDGE ( 'NONE', *, *, #1267, .T. ) ;
#1321 = ORIENTED_EDGE ( 'NONE', *, *, #1078, .F. ) ;
#1322 = CARTESIAN_POINT ( 'NONE',  ( -2.117499999999999272, 2.866314482762530425, 0.5378707994112693624 ) ) ;
#1323 = EDGE_CURVE ( 'NONE', #1280, #2239, #514, .T. ) ;
#1324 = DIRECTION ( 'NONE',  ( -1.000000000000000000, 2.921657363680126360E-15, 0.000000000000000000 ) ) ;
#1325 = LINE ( 'NONE', #1820, #1238 ) ;
#1326 = EDGE_CURVE ( 'NONE', #2217, #122, #1623, .T. ) ;
#1327 = CARTESIAN_POINT ( 'NONE',  ( 2.982499999999998597, 0.000000000000000000, 0.4049999999999993605 ) ) ;
#1328 = FACE_BOUND ( 'NONE', #2735, .T. ) ;
#1329 = CARTESIAN_POINT ( 'NONE',  ( 5.049999999999998934, 17.10000000000000142, -2.284999999999999698 ) ) ;
#1330 = ORIENTED_EDGE ( 'NONE', *, *, #1606, .T. ) ;
#1331 = ADVANCED_FACE ( 'NONE', ( #457 ), #384, .F. ) ;
#1332 = ORIENTED_EDGE ( 'NONE', *, *, #486, .F. ) ;
#1333 = EDGE_CURVE ( 'NONE', #2247, #1741, #1592, .T. ) ;
#1334 = VECTOR ( 'NONE', #1985, 1000.000000000000000 ) ;
#1335 = CARTESIAN_POINT ( 'NONE',  ( -3.817499999999998561, 0.6499999999999999112, 0.8099999999999993872 ) ) ;
#1336 = CARTESIAN_POINT ( 'NONE',  ( 5.080000000000000071, 12.09999999999999964, -1.015000000000000124 ) ) ;
#1337 = VECTOR ( 'NONE', #2065, 1000.000000000000000 ) ;
#1338 = EDGE_CURVE ( 'NONE', #88, #1540, #1663, .T. ) ;
#1339 = ORIENTED_EDGE ( 'NONE', *, *, #2054, .F. ) ;
#1340 = ORIENTED_EDGE ( 'NONE', *, *, #1530, .F. ) ;
#1341 = LINE ( 'NONE', #1019, #1233 ) ;
#1342 = EDGE_LOOP ( 'NONE', ( #1961, #850, #441, #827 ) ) ;
#1343 = CARTESIAN_POINT ( 'NONE',  ( 5.080000000000000071, 11.51786589610922285, 2.284999999999999698 ) ) ;
#1344 = VERTEX_POINT ( 'NONE', #357 ) ;
#1345 = CARTESIAN_POINT ( 'NONE',  ( 2.117499999999999716, 1.022580077288040499E-16, 0.8099999999999993872 ) ) ;
#1346 = FACE_OUTER_BOUND ( 'NONE', #155, .T. ) ;
#1347 = LINE ( 'NONE', #1087, #340 ) ;
#1348 = ORIENTED_EDGE ( 'NONE', *, *, #1799, .T. ) ;
#1349 = AXIS2_PLACEMENT_3D ( 'NONE', #2221, #974, #2301 ) ;
#1350 = EDGE_LOOP ( 'NONE', ( #2338, #2357, #1070, #67, #66, #1205, #1229, #3404, #2791, #4, #2325, #2316 ) ) ;
#1351 = CARTESIAN_POINT ( 'NONE',  ( 2.117499999999999716, 0.6499999999999999112, 0.8099999999999993872 ) ) ;
#1352 = EDGE_CURVE ( 'NONE', #2051, #374, #2688, .T. ) ;
#1353 = LINE ( 'NONE', #1504, #91 ) ;
#1354 = ADVANCED_FACE ( 'NONE', ( #2777 ), #901, .F. ) ;
#1355 = LINE ( 'NONE', #3015, #2484 ) ;
#1356 = VERTEX_POINT ( 'NONE', #2806 ) ;
#1357 = VECTOR ( 'NONE', #1943, 1000.000000000000000 ) ;
#1358 = CARTESIAN_POINT ( 'NONE',  ( -2.982499999999999041, -10.05000000000000071, 0.8099999999999993872 ) ) ;
#1359 = DIRECTION ( 'NONE',  ( 0.000000000000000000, 0.000000000000000000, 1.000000000000000000 ) ) ;
#1360 = VECTOR ( 'NONE', #1773, 1000.000000000000000 ) ;
#1361 = VERTEX_POINT ( 'NONE', #494 ) ;
#1362 = CARTESIAN_POINT ( 'NONE',  ( -2.152499999999998970, 0.000000000000000000, 0.4049999999999993605 ) ) ;
#1363 = LINE ( 'NONE', #3379, #214 ) ;
#1364 = LINE ( 'NONE', #2574, #1337 ) ;
#1365 = ORIENTED_EDGE ( 'NONE', *, *, #972, .T. ) ;
#1366 = DIRECTION ( 'NONE',  ( 0.000000000000000000, 0.000000000000000000, 1.000000000000000000 ) ) ;
#1367 = CARTESIAN_POINT ( 'NONE',  ( 2.117499999999999272, 2.850000000000000089, 0.8099999999999993872 ) ) ;
#1368 = LINE ( 'NONE', #877, #2507 ) ;
#1369 = EDGE_CURVE ( 'NONE', #272, #248, #2724, .T. ) ;
#1370 = ORIENTED_EDGE ( 'NONE', *, *, #2123, .T. ) ;
#1371 = CARTESIAN_POINT ( 'NONE',  ( -1.282499999999996421, -10.05000000000000071, 0.8099999999999993872 ) ) ;
#1372 = EDGE_CURVE ( 'NONE', #813, #1709, #1556, .T. ) ;
#1373 = CARTESIAN_POINT ( 'NONE',  ( -2.982499999999999929, 0.000000000000000000, 0.8099999999999993872 ) ) ;
#1374 = FACE_OUTER_BOUND ( 'NONE', #462, .T. ) ;
#1375 = PLANE ( 'NONE',  #2536 ) ;
#1376 = VERTEX_POINT ( 'NONE', #2098 ) ;
#1377 = EDGE_CURVE ( 'NONE', #654, #2247, #1599, .T. ) ;
#1378 = LINE ( 'NONE', #93, #1401 ) ;
#1379 = ADVANCED_FACE ( 'NONE', ( #507 ), #3087, .F. ) ;
#1380 = CARTESIAN_POINT ( 'NONE',  ( 5.080000000000000071, 12.09999999999999964, -1.015000000000000124 ) ) ;
#1381 = PLANE ( 'NONE',  #1674 ) ;
#1382 = ORIENTED_EDGE ( 'NONE', *, *, #3179, .F. ) ;
#1383 = ORIENTED_EDGE ( 'NONE', *, *, #1552, .T. ) ;
#1384 = DIRECTION ( 'NONE',  ( 0.04361938736532880445, -0.9990482215818580203, 0.000000000000000000 ) ) ;
#1385 = SURFACE_SIDE_STYLE ('',( #809 ) ) ;
#1386 = AXIS2_PLACEMENT_3D ( 'NONE', #1567, #3173, #2920 ) ;
#1387 = ORIENTED_EDGE ( 'NONE', *, *, #2283, .F. ) ;
#1388 = DIRECTION ( 'NONE',  ( 0.000000000000000000, 0.000000000000000000, 1.000000000000000000 ) ) ;
#1389 = AXIS2_PLACEMENT_3D ( 'NONE', #3395, #3160, #574 ) ;
#1390 = DIRECTION ( 'NONE',  ( 0.000000000000000000, -0.1218693434051406621, -0.9925461516413227603 ) ) ;
#1391 = CARTESIAN_POINT ( 'NONE',  ( -0.4174999999999999267, 0.6499999999999998002, 0.4049999999999993605 ) ) ;
#1392 = FACE_OUTER_BOUND ( 'NONE', #709, .T. ) ;
#1393 = CARTESIAN_POINT ( 'NONE',  ( 0.4175000000000003153, 0.6499999999999999112, 0.8099999999999993872 ) ) ;
#1394 = VERTEX_POINT ( 'NONE', #191 ) ;
#1395 = DIRECTION ( 'NONE',  ( -0.000000000000000000, 1.000000000000000000, 5.005171518229332485E-17 ) ) ;
#1396 = DIRECTION ( 'NONE',  ( 0.000000000000000000, 1.000000000000000000, 1.001144274840630798E-16 ) ) ;
#1397 = DIRECTION ( 'NONE',  ( 0.000000000000000000, 0.000000000000000000, 1.000000000000000000 ) ) ;
#1398 = VERTEX_POINT ( 'NONE', #1841 ) ;
#1399 =( LENGTH_UNIT ( ) NAMED_UNIT ( * ) SI_UNIT ( .MILLI., .METRE. ) );
#1400 = FACE_OUTER_BOUND ( 'NONE', #3122, .T. ) ;
#1401 = VECTOR ( 'NONE', #3043, 1000.000000000000000 ) ;
#1402 = ORIENTED_EDGE ( 'NONE', *, *, #3021, .F. ) ;
#1403 = DIRECTION ( 'NONE',  ( -1.971276677246371519E-16, 1.000000000000000000, -0.000000000000000000 ) ) ;
#1404 = EDGE_CURVE ( 'NONE', #378, #1620, #399, .T. ) ;
#1405 = VECTOR ( 'NONE', #2182, 1000.000000000000000 ) ;
#1406 = VECTOR ( 'NONE', #917, 1000.000000000000000 ) ;
#1407 = ORIENTED_EDGE ( 'NONE', *, *, #1691, .F. ) ;
#1408 = LINE ( 'NONE', #480, #2618 ) ;
#1409 = DIRECTION ( 'NONE',  ( 1.000000000000000000, -0.000000000000000000, -0.000000000000000000 ) ) ;
#1410 = LINE ( 'NONE', #2889, #1450 ) ;
#1411 = DIRECTION ( 'NONE',  ( 0.000000000000000000, 1.000000000000000000, 0.000000000000000000 ) ) ;
#1412 = CARTESIAN_POINT ( 'NONE',  ( 2.117499999999999716, 0.6499999999999999112, 0.4049999999999993605 ) ) ;
#1413 = ORIENTED_EDGE ( 'NONE', *, *, #2893, .F. ) ;
#1414 = VECTOR ( 'NONE', #2505, 1000.000000000000000 ) ;
#1415 = VECTOR ( 'NONE', #3405, 1000.000000000000000 ) ;
#1416 = LINE ( 'NONE', #48, #1406 ) ;
#1417 = DIRECTION ( 'NONE',  ( 0.000000000000000000, 1.000000000000000000, -0.000000000000000000 ) ) ;
#1418 = DIRECTION ( 'NONE',  ( -3.097720492815738111E-15, -1.000000000000000000, 0.000000000000000000 ) ) ;
#1419 = ORIENTED_EDGE ( 'NONE', *, *, #1012, .T. ) ;
#1420 = VECTOR ( 'NONE', #3120, 1000.000000000000000 ) ;
#1421 =( NAMED_UNIT ( * ) PLANE_ANGLE_UNIT ( ) SI_UNIT ( $, .RADIAN. ) );
#1422 = LINE ( 'NONE', #2749, #2670 ) ;
#1423 = EDGE_CURVE ( 'NONE', #5, #1533, #431, .T. ) ;
#1424 = LINE ( 'NONE', #18, #1430 ) ;
#1425 = AXIS2_PLACEMENT_3D ( 'NONE', #2666, #1933, #1026 ) ;
#1426 = VERTEX_POINT ( 'NONE', #2591 ) ;
#1427 =( GEOMETRIC_REPRESENTATION_CONTEXT ( 3 ) GLOBAL_UNCERTAINTY_ASSIGNED_CONTEXT ( ( #1644 ) ) GLOBAL_UNIT_ASSIGNED_CONTEXT ( ( #1583, #425, #944 ) ) REPRESENTATION_CONTEXT ( 'NONE', 'WORKASPACE' ) );
#1428 = CARTESIAN_POINT ( 'NONE',  ( -2.152499999999998970, 0.000000000000000000, 0.4049999999999993605 ) ) ;
#1429 = LINE ( 'NONE', #682, #2662 ) ;
#1430 = VECTOR ( 'NONE', #301, 1000.000000000000000 ) ;
#1431 = ORIENTED_EDGE ( 'NONE', *, *, #3114, .F. ) ;
#1432 = FACE_OUTER_BOUND ( 'NONE', #1850, .T. ) ;
#1433 = CARTESIAN_POINT ( 'NONE',  ( 0.4525000000000002354, 0.000000000000000000, 0.8099999999999993872 ) ) ;
#1434 = VECTOR ( 'NONE', #2445, 1000.000000000000000 ) ;
#1435 = CARTESIAN_POINT ( 'NONE',  ( 1.282499999999999307, 0.6499999999999998002, 0.8099999999999993872 ) ) ;
#1436 = FACE_OUTER_BOUND ( 'NONE', #1039, .T. ) ;
#1437 = DIRECTION ( 'NONE',  ( -0.000000000000000000, -1.000000000000000000, -0.000000000000000000 ) ) ;
#1438 = ORIENTED_EDGE ( 'NONE', *, *, #2700, .T. ) ;
#1439 = VECTOR ( 'NONE', #3098, 1000.000000000000000 ) ;
#1440 = VECTOR ( 'NONE', #2693, 1000.000000000000227 ) ;
#1441 = LINE ( 'NONE', #2049, #306 ) ;
#1442 = SURFACE_SIDE_STYLE ('',( #1561 ) ) ;
#1443 = EDGE_CURVE ( 'NONE', #2726, #2251, #2729, .T. ) ;
#1444 = CARTESIAN_POINT ( 'NONE',  ( -1.000000000000000222, 9.600000000000001421, 2.184999999999998721 ) ) ;
#1445 = ORIENTED_EDGE ( 'NONE', *, *, #392, .F. ) ;
#1446 = LINE ( 'NONE', #148, #1360 ) ;
#1447 = CARTESIAN_POINT ( 'NONE',  ( -1.282499999999998863, 0.6499999999999999112, 0.8099999999999993872 ) ) ;
#1448 = LINE ( 'NONE', #868, #311 ) ;
#1449 = EDGE_CURVE ( 'NONE', #648, #2685, #403, .T. ) ;
#1450 = VECTOR ( 'NONE', #485, 1000.000000000000000 ) ;
#1451 = VECTOR ( 'NONE', #2962, 1000.000000000000227 ) ;
#1452 = PLANE ( 'NONE',  #1659 ) ;
#1453 = EDGE_CURVE ( 'NONE', #2911, #1153, #2695, .T. ) ;
#1454 = EDGE_LOOP ( 'NONE', ( #2263, #3419, #2369, #3369 ) ) ;
#1455 = VECTOR ( 'NONE', #624, 1000.000000000000000 ) ;
#1456 = DIRECTION ( 'NONE',  ( 0.9990482215818581313, 0.04361938736532881139, 2.183225152835560942E-18 ) ) ;
#1457 = DIRECTION ( 'NONE',  ( 0.000000000000000000, 0.000000000000000000, 1.000000000000000000 ) ) ;
#1458 = LINE ( 'NONE', #958, #2625 ) ;
#1459 = VECTOR ( 'NONE', #1122, 1000.000000000000000 ) ;
#1460 = EDGE_CURVE ( 'NONE', #2400, #2722, #2683, .T. ) ;
#1461 = CARTESIAN_POINT ( 'NONE',  ( -3.817499999999998561, -10.05000000000000071, 0.8099999999999993872 ) ) ;
#1462 = VECTOR ( 'NONE', #3249, 1000.000000000000000 ) ;
#1463 = EDGE_LOOP ( 'NONE', ( #536, #693, #2996, #604, #1578, #1597, #1687, #1954, #2986, #2805, #2863, #2731 ) ) ;
#1464 = LINE ( 'NONE', #1380, #172 ) ;
#1465 = DIRECTION ( 'NONE',  ( -0.000000000000000000, -0.000000000000000000, 1.000000000000000000 ) ) ;
#1466 = VECTOR ( 'NONE', #1409, 1000.000000000000000 ) ;
#1467 = CARTESIAN_POINT ( 'NONE',  ( 0.000000000000000000, 2.850000000000000533, 0.4049999999999993605 ) ) ;
#1468 = CARTESIAN_POINT ( 'NONE',  ( 5.080000000000000071, 2.850000000000000089, 0.4049999999999997491 ) ) ;
#1469 = VECTOR ( 'NONE', #1041, 1000.000000000000000 ) ;
#1470 = CARTESIAN_POINT ( 'NONE',  ( -3.817499999999998561, -10.05000000000000071, 0.8099999999999993872 ) ) ;
#1471 = EDGE_LOOP ( 'NONE', ( #2915, #1671, #1815, #1859 ) ) ;
#1472 = LINE ( 'NONE', #1307, #261 ) ;
#1473 = VECTOR ( 'NONE', #24, 1000.000000000000000 ) ;
#1474 = LINE ( 'NONE', #589, #2604 ) ;
#1475 = AXIS2_PLACEMENT_3D ( 'NONE', #1351, #2916, #227 ) ;
#1476 = FACE_OUTER_BOUND ( 'NONE', #1934, .T. ) ;
#1477 = DIRECTION ( 'NONE',  ( -0.000000000000000000, -0.000000000000000000, -1.000000000000000000 ) ) ;
#1478 = DIRECTION ( 'NONE',  ( -0.000000000000000000, -0.000000000000000000, -1.000000000000000000 ) ) ;
#1479 = EDGE_LOOP ( 'NONE', ( #1939, #552, #2832, #638 ) ) ;
#1480 = CARTESIAN_POINT ( 'NONE',  ( -2.117499999999999272, -10.05000000000000071, 0.4049999999999993605 ) ) ;
#1481 = EDGE_CURVE ( 'NONE', #461, #2166, #1573, .T. ) ;
#1482 = DIRECTION ( 'NONE',  ( 1.000000000000000000, 0.000000000000000000, 0.000000000000000000 ) ) ;
#1483 = AXIS2_PLACEMENT_3D ( 'NONE', #966, #187, #2803 ) ;
#1484 = CARTESIAN_POINT ( 'NONE',  ( 5.080000000000000071, 12.09999999999999964, -1.015000000000000124 ) ) ;
#1485 = FACE_OUTER_BOUND ( 'NONE', #2122, .T. ) ;
#1486 = FACE_OUTER_BOUND ( 'NONE', #3102, .T. ) ;
#1487 = DIRECTION ( 'NONE',  ( 1.000000000000000000, 0.000000000000000000, -0.000000000000000000 ) ) ;
#1488 = VERTEX_POINT ( 'NONE', #997 ) ;
#1489 = DIRECTION ( 'NONE',  ( -0.000000000000000000, -1.000000000000000000, -0.000000000000000000 ) ) ;
#1490 = FACE_OUTER_BOUND ( 'NONE', #468, .T. ) ;
#1491 = CARTESIAN_POINT ( 'NONE',  ( 3.817499999999999005, 1.022580077288040499E-16, 0.8099999999999993872 ) ) ;
#1492 = EDGE_LOOP ( 'NONE', ( #1843, #2970, #609, #2813 ) ) ;
#1493 = VERTEX_POINT ( 'NONE', #216 ) ;
#1494 = PLANE ( 'NONE',  #738 ) ;
#1495 = FACE_OUTER_BOUND ( 'NONE', #368, .T. ) ;
#1496 = VECTOR ( 'NONE', #801, 1000.000000000000000 ) ;
#1497 = CARTESIAN_POINT ( 'NONE',  ( 0.000000000000000000, 15.61000000000000298, -2.284999999999999698 ) ) ;
#1498 = CARTESIAN_POINT ( 'NONE',  ( -0.4524999999999997913, 0.000000000000000000, 0.8099999999999993872 ) ) ;
#1499 = DIRECTION ( 'NONE',  ( 0.000000000000000000, 0.000000000000000000, 1.000000000000000000 ) ) ;
#1500 = EDGE_LOOP ( 'NONE', ( #2898, #2227, #132, #2243 ) ) ;
#1501 = VERTEX_POINT ( 'NONE', #725 ) ;
#1502 = EDGE_CURVE ( 'NONE', #1855, #1966, #492, .T. ) ;
#1503 = VECTOR ( 'NONE', #3045, 1000.000000000000000 ) ;
#1504 = CARTESIAN_POINT ( 'NONE',  ( 2.982499999999998597, -10.05000000000000071, 0.8099999999999993872 ) ) ;
#1505 = EDGE_CURVE ( 'NONE', #2251, #1672, #445, .T. ) ;
#1506 = ORIENTED_EDGE ( 'NONE', *, *, #749, .F. ) ;
#1507 = ORIENTED_EDGE ( 'NONE', *, *, #2938, .T. ) ;
#1508 = PLANE ( 'NONE',  #2588 ) ;
#1509 = CARTESIAN_POINT ( 'NONE',  ( 2.947499999999998899, 0.6499999999999999112, 0.8099999999999993872 ) ) ;
#1510 = LINE ( 'NONE', #3344, #2590 ) ;
#1511 = EDGE_CURVE ( 'NONE', #2659, #79, #472, .T. ) ;
#1512 = CARTESIAN_POINT ( 'NONE',  ( 5.049999999999998934, 12.09999999999999964, -2.285000000000000142 ) ) ;
#1513 = ORIENTED_EDGE ( 'NONE', *, *, #856, .T. ) ;
#1514 = EDGE_LOOP ( 'NONE', ( #2148, #3303, #927, #3263 ) ) ;
#1515 = EDGE_CURVE ( 'NONE', #1046, #2570, #2714, .T. ) ;
#1516 = CARTESIAN_POINT ( 'NONE',  ( -5.075000000000001066, 18.45000000000000284, -2.284999999999999698 ) ) ;
#1517 = LINE ( 'NONE', #2960, #1496 ) ;
#1518 = DIRECTION ( 'NONE',  ( 7.885106708985486076E-16, -1.000000000000000000, -0.000000000000000000 ) ) ;
#1519 = ORIENTED_EDGE ( 'NONE', *, *, #821, .F. ) ;
#1520 = ORIENTED_EDGE ( 'NONE', *, *, #533, .T. ) ;
#1521 = DIRECTION ( 'NONE',  ( -1.000000000000000000, -0.000000000000000000, -0.000000000000000000 ) ) ;
#1522 = FACE_OUTER_BOUND ( 'NONE', #2721, .T. ) ;
#1523 = CARTESIAN_POINT ( 'NONE',  ( 3.817499999999999005, 0.6499999999999999112, 0.4049999999999993605 ) ) ;
#1524 = CARTESIAN_POINT ( 'NONE',  ( -2.152499999999998970, 0.6499999999999999112, 0.4049999999999993605 ) ) ;
#1525 = CARTESIAN_POINT ( 'NONE',  ( -5.080000000000000071, 2.850000000000000089, 0.4049999999999997491 ) ) ;
#1526 = ORIENTED_EDGE ( 'NONE', *, *, #1168, .T. ) ;
#1527 = VERTEX_POINT ( 'NONE', #2238 ) ;
#1528 = AXIS2_PLACEMENT_3D ( 'NONE', #3223, #295, #612 ) ;
#1529 = FACE_OUTER_BOUND ( 'NONE', #3243, .T. ) ;
#1530 = EDGE_CURVE ( 'NONE', #648, #2416, #452, .T. ) ;
#1531 = CARTESIAN_POINT ( 'NONE',  ( 2.351321854362915910E-16, 13.69000000000000306, -2.284999999999999698 ) ) ;
#1532 = VERTEX_POINT ( 'NONE', #2560 ) ;
#1533 = VERTEX_POINT ( 'NONE', #1571 ) ;
#1534 = DIRECTION ( 'NONE',  ( 0.000000000000000000, -5.005171518229332485E-17, 1.000000000000000000 ) ) ;
#1535 = CARTESIAN_POINT ( 'NONE',  ( 2.947499999999998899, 0.6499999999999999112, 0.4049999999999993605 ) ) ;
#1536 = LINE ( 'NONE', #665, #2676 ) ;
#1537 = LINE ( 'NONE', #1322, #2575 ) ;
#1538 = ADVANCED_FACE ( 'NONE', ( #525 ), #1494, .F. ) ;
#1539 = DIRECTION ( 'NONE',  ( 1.000000000000000000, 0.000000000000000000, -0.000000000000000000 ) ) ;
#1540 = VERTEX_POINT ( 'NONE', #539 ) ;
#1541 = ORIENTED_EDGE ( 'NONE', *, *, #2438, .F. ) ;
#1542 = CARTESIAN_POINT ( 'NONE',  ( -2.982499999999999485, 0.6500000000000000222, 0.4049999999999993605 ) ) ;
#1543 = LINE ( 'NONE', #929, #319 ) ;
#1544 = CARTESIAN_POINT ( 'NONE',  ( 0.000000000000000000, 2.850000000000000533, 0.4049999999999993605 ) ) ;
#1545 = DIRECTION ( 'NONE',  ( -0.000000000000000000, -0.000000000000000000, -1.000000000000000000 ) ) ;
#1546 = EDGE_LOOP ( 'NONE', ( #2198, #185, #1365, #1076 ) ) ;
#1547 = ORIENTED_EDGE ( 'NONE', *, *, #1736, .T. ) ;
#1548 = DIRECTION ( 'NONE',  ( -0.000000000000000000, -0.000000000000000000, -1.000000000000000000 ) ) ;
#1549 = LINE ( 'NONE', #920, #2687 ) ;
#1550 = VECTOR ( 'NONE', #253, 1000.000000000000000 ) ;
#1551 = DIRECTION ( 'NONE',  ( 1.000000000000000000, -0.000000000000000000, -0.000000000000000000 ) ) ;
#1552 = EDGE_CURVE ( 'NONE', #2665, #461, #1628, .T. ) ;
#1553 = VERTEX_POINT ( 'NONE', #467 ) ;
#1554 = ORIENTED_EDGE ( 'NONE', *, *, #764, .T. ) ;
#1555 = LINE ( 'NONE', #278, #2681 ) ;
#1556 = LINE ( 'NONE', #745, #2708 ) ;
#1557 = EDGE_CURVE ( 'NONE', #1569, #511, #1580, .T. ) ;
#1558 = DIRECTION ( 'NONE',  ( -0.000000000000000000, -1.000000000000000000, -0.000000000000000000 ) ) ;
#1559 = EDGE_LOOP ( 'NONE', ( #3384, #3298, #2628, #3396 ) ) ;
#1560 = VERTEX_POINT ( 'NONE', #713 ) ;
#1561 = SURFACE_STYLE_FILL_AREA ( #1028 ) ;
#1562 = PLANE ( 'NONE',  #1475 ) ;
#1563 = VERTEX_POINT ( 'NONE', #1304 ) ;
#1564 = VERTEX_POINT ( 'NONE', #1725 ) ;
#1565 = CARTESIAN_POINT ( 'NONE',  ( -0.4174999999999999267, -10.05000000000000071, 0.8099999999999993872 ) ) ;
#1566 = VECTOR ( 'NONE', #2212, 1000.000000000000000 ) ;
#1567 = CARTESIAN_POINT ( 'NONE',  ( 0.4174999999999999267, 2.850000000000000089, 0.8099999999999993872 ) ) ;
#1568 = ADVANCED_FACE ( 'NONE', ( #1634 ), #1977, .F. ) ;
#1569 = VERTEX_POINT ( 'NONE', #1598 ) ;
#1570 = VERTEX_POINT ( 'NONE', #2671 ) ;
#1571 = CARTESIAN_POINT ( 'NONE',  ( 1.000000000000000222, 9.600000000000001421, 2.284999999999998366 ) ) ;
#1572 = AXIS2_PLACEMENT_3D ( 'NONE', #857, #2998, #649 ) ;
#1573 = LINE ( 'NONE', #2077, #2801 ) ;
#1574 = DIRECTION ( 'NONE',  ( -0.000000000000000000, 0.000000000000000000, 1.000000000000000000 ) ) ;
#1575 = CARTESIAN_POINT ( 'NONE',  ( 2.117499999999999716, 1.022580077288040499E-16, 0.8099999999999993872 ) ) ;
#1576 = STYLED_ITEM ( 'NONE', ( #254 ), #329 ) ;
#1577 = DIRECTION ( 'NONE',  ( 0.04361938736532880445, 0.9990482215818580203, -0.000000000000000000 ) ) ;
#1578 = ORIENTED_EDGE ( 'NONE', *, *, #1333, .F. ) ;
#1579 = ORIENTED_EDGE ( 'NONE', *, *, #1177, .F. ) ;
#1580 = LINE ( 'NONE', #968, #2781 ) ;
#1581 = DIRECTION ( 'NONE',  ( -0.000000000000000000, -0.000000000000000000, -1.000000000000000000 ) ) ;
#1582 = EDGE_LOOP ( 'NONE', ( #2271, #2225, #866, #280 ) ) ;
#1583 =( LENGTH_UNIT ( ) NAMED_UNIT ( * ) SI_UNIT ( .MILLI., .METRE. ) );
#1584 = ORIENTED_EDGE ( 'NONE', *, *, #2850, .F. ) ;
#1585 = CARTESIAN_POINT ( 'NONE',  ( 0.000000000000000000, 9.249113835655858639E-17, -1.015000000000001457 ) ) ;
#1586 = VECTOR ( 'NONE', #2388, 1000.000000000000000 ) ;
#1587 = AXIS2_PLACEMENT_3D ( 'NONE', #2351, #774, #1314 ) ;
#1588 = CARTESIAN_POINT ( 'NONE',  ( -2.982500000000000373, 2.850000000000000089, 0.8099999999999993872 ) ) ;
#1589 = EDGE_LOOP ( 'NONE', ( #1057, #2216, #1146, #2282, #1110, #2384, #1263, #489, #8, #125, #2296, #3435 ) ) ;
#1590 = VERTEX_POINT ( 'NONE', #3036 ) ;
#1591 = DIRECTION ( 'NONE',  ( -1.000000000000000000, -2.589139516383294311E-16, 0.000000000000000000 ) ) ;
#1592 = LINE ( 'NONE', #2758, #466 ) ;
#1593 = CARTESIAN_POINT ( 'NONE',  ( -2.982499999999999485, 0.6500000000000000222, 0.8099999999999993872 ) ) ;
#1594 = DIRECTION ( 'NONE',  ( 0.000000000000000000, -0.9925461516413228713, 0.1218693434051406760 ) ) ;
#1595 = EDGE_CURVE ( 'NONE', #1344, #1037, #2771, .T. ) ;
#1596 = VERTEX_POINT ( 'NONE', #2740 ) ;
#1597 = ORIENTED_EDGE ( 'NONE', *, *, #1929, .F. ) ;
#1598 = CARTESIAN_POINT ( 'NONE',  ( -3.817499999999998561, 0.6499999999999999112, 0.8099999999999993872 ) ) ;
#1599 = LINE ( 'NONE', #3132, #484 ) ;
#1600 = DIRECTION ( 'NONE',  ( -0.000000000000000000, 5.005171518229332485E-17, -1.000000000000000000 ) ) ;
#1601 = EDGE_CURVE ( 'NONE', #599, #505, #1647, .T. ) ;
#1602 = ADVANCED_FACE ( 'NONE', ( #1653 ), #116, .F. ) ;
#1603 = DIRECTION ( 'NONE',  ( 0.000000000000000000, 0.1218693434051407870, 0.9925461516413227603 ) ) ;
#1604 = EDGE_LOOP ( 'NONE', ( #2355, #1251, #1794, #1226 ) ) ;
#1605 = ORIENTED_EDGE ( 'NONE', *, *, #1557, .F. ) ;
#1606 = EDGE_CURVE ( 'NONE', #79, #1744, #2787, .T. ) ;
#1607 = VECTOR ( 'NONE', #440, 1000.000000000000000 ) ;
#1608 = VERTEX_POINT ( 'NONE', #3075 ) ;
#1609 = CARTESIAN_POINT ( 'NONE',  ( 2.947499999999998899, 0.000000000000000000, 0.4049999999999993605 ) ) ;
#1610 = ORIENTED_EDGE ( 'NONE', *, *, #3438, .F. ) ;
#1611 = VECTOR ( 'NONE', #3351, 1000.000000000000000 ) ;
#1612 = CARTESIAN_POINT ( 'NONE',  ( -2.995780049730349059, 12.09999999999999964, -1.015000000000000568 ) ) ;
#1613 = ORIENTED_EDGE ( 'NONE', *, *, #1221, .T. ) ;
#1614 = MANIFOLD_SOLID_BREP ( 'Cut-Extrude4[3]', #204 ) ;
#1615 = ORIENTED_EDGE ( 'NONE', *, *, #3215, .T. ) ;
#1616 = VECTOR ( 'NONE', #1763, 1000.000000000000000 ) ;
#1617 = DIRECTION ( 'NONE',  ( -0.000000000000000000, -1.000000000000000000, -0.000000000000000000 ) ) ;
#1618 = EDGE_CURVE ( 'NONE', #1488, #1946, #389, .T. ) ;
#1619 = AXIS2_PLACEMENT_3D ( 'NONE', #2736, #686, #138 ) ;
#1620 = VERTEX_POINT ( 'NONE', #2790 ) ;
#1621 = FILL_AREA_STYLE_COLOUR ( '', #2807 ) ;
#1622 = ADVANCED_FACE ( 'NONE', ( #1816 ), #600, .F. ) ;
#1623 = LINE ( 'NONE', #3005, #1586 ) ;
#1624 = DIRECTION ( 'NONE',  ( 1.000000000000000000, 0.000000000000000000, 0.000000000000000000 ) ) ;
#1625 = CARTESIAN_POINT ( 'NONE',  ( -0.4524999999999997913, 0.000000000000000000, 0.4049999999999993605 ) ) ;
#1626 = CARTESIAN_POINT ( 'NONE',  ( -2.995780049730349059, 11.29999999999999893, -1.015000000000000568 ) ) ;
#1627 = ORIENTED_EDGE ( 'NONE', *, *, #1168, .F. ) ;
#1628 = CIRCLE ( 'NONE', #1317, 1.919999999999998153 ) ;
#1629 = ADVANCED_FACE ( 'NONE', ( #2955 ), #3415, .F. ) ;
#1630 = DIRECTION ( 'NONE',  ( 1.000000000000000000, 0.000000000000000000, 0.000000000000000000 ) ) ;
#1631 = DIRECTION ( 'NONE',  ( -8.630465054610981035E-17, 1.000000000000000000, -0.000000000000000000 ) ) ;
#1632 = EDGE_LOOP ( 'NONE', ( #420, #1065, #3401, #3257 ) ) ;
#1633 = AXIS2_PLACEMENT_3D ( 'NONE', #1373, #2147, #1662 ) ;
#1634 = FACE_OUTER_BOUND ( 'NONE', #1463, .T. ) ;
#1635 = VECTOR ( 'NONE', #1004, 1000.000000000000000 ) ;
#1636 = CARTESIAN_POINT ( 'NONE',  ( 2.995780049730349059, 12.09999999999999964, -2.285000000000000142 ) ) ;
#1637 = EDGE_CURVE ( 'NONE', #1620, #2117, #1726, .T. ) ;
#1638 = EDGE_LOOP ( 'NONE', ( #1836, #694, #1646, #1660 ) ) ;
#1639 = CARTESIAN_POINT ( 'NONE',  ( 5.024550602506178798, 12.09999999999999964, -1.015000000000000124 ) ) ;
#1640 = VECTOR ( 'NONE', #516, 1000.000000000000000 ) ;
#1641 = EDGE_CURVE ( 'NONE', #1776, #2176, #2873, .T. ) ;
#1642 = LINE ( 'NONE', #2521, #2894 ) ;
#1643 = DIRECTION ( 'NONE',  ( -0.000000000000000000, -0.000000000000000000, -1.000000000000000000 ) ) ;
#1644 = UNCERTAINTY_MEASURE_WITH_UNIT (LENGTH_MEASURE( 1.000000000000000082E-05 ), #1583, 'distance_accuracy_value', 'NONE');
#1645 = EDGE_CURVE ( 'NONE', #2075, #1426, #2975, .T. ) ;
#1646 = ORIENTED_EDGE ( 'NONE', *, *, #2940, .F. ) ;
#1647 = LINE ( 'NONE', #2177, #1550 ) ;
#1648 = DIRECTION ( 'NONE',  ( 1.000000000000000000, -2.921657363680125966E-15, 0.000000000000000000 ) ) ;
#1649 = DIRECTION ( 'NONE',  ( 1.000000000000000000, 0.000000000000000000, 0.000000000000000000 ) ) ;
#1650 = EDGE_CURVE ( 'NONE', #547, #17, #2987, .T. ) ;
#1651 = CARTESIAN_POINT ( 'NONE',  ( 3.817499999999999005, 0.6499999999999999112, 0.8099999999999993872 ) ) ;
#1652 = ORIENTED_EDGE ( 'NONE', *, *, #3282, .T. ) ;
#1653 = FACE_OUTER_BOUND ( 'NONE', #2862, .T. ) ;
#1654 = CARTESIAN_POINT ( 'NONE',  ( -5.075000000000001066, 18.45000000000000284, -2.284999999999999698 ) ) ;
#1655 = CARTESIAN_POINT ( 'NONE',  ( -3.852499999999998259, 0.6499999999999999112, 0.8099999999999993872 ) ) ;
#1656 = ORIENTED_EDGE ( 'NONE', *, *, #967, .T. ) ;
#1657 = VECTOR ( 'NONE', #2818, 1000.000000000000000 ) ;
#1658 = LINE ( 'NONE', #2107, #532 ) ;
#1659 = AXIS2_PLACEMENT_3D ( 'NONE', #2228, #2529, #2829 ) ;
#1660 = ORIENTED_EDGE ( 'NONE', *, *, #2709, .T. ) ;
#1661 = CARTESIAN_POINT ( 'NONE',  ( 2.982499999999998597, 2.866314482762530425, 0.5378707994112693624 ) ) ;
#1662 = DIRECTION ( 'NONE',  ( 8.630465054610982268E-17, -1.000000000000000000, 0.000000000000000000 ) ) ;
#1663 = LINE ( 'NONE', #46, #2794 ) ;
#1664 = VECTOR ( 'NONE', #886, 1000.000000000000000 ) ;
#1665 = ORIENTED_EDGE ( 'NONE', *, *, #2609, .T. ) ;
#1666 = ORIENTED_EDGE ( 'NONE', *, *, #1038, .T. ) ;
#1667 = LINE ( 'NONE', #2418, #419 ) ;
#1668 = PLANE ( 'NONE',  #2028 ) ;
#1669 = CARTESIAN_POINT ( 'NONE',  ( 0.000000000000000000, 0.000000000000000000, 0.4049999999999993605 ) ) ;
#1670 = FACE_OUTER_BOUND ( 'NONE', #569, .T. ) ;
#1671 = ORIENTED_EDGE ( 'NONE', *, *, #1834, .F. ) ;
#1672 = VERTEX_POINT ( 'NONE', #882 ) ;
#1673 = VECTOR ( 'NONE', #592, 1000.000000000000000 ) ;
#1674 = AXIS2_PLACEMENT_3D ( 'NONE', #1669, #1397, #1937 ) ;
#1675 = CARTESIAN_POINT ( 'NONE',  ( 3.817500000000001670, -10.05000000000000071, 0.4049999999999993605 ) ) ;
#1676 = DIRECTION ( 'NONE',  ( 0.04361938736533264166, -0.000000000000000000, 0.9990482215818579093 ) ) ;
#1677 = ORIENTED_EDGE ( 'NONE', *, *, #2245, .T. ) ;
#1678 = EDGE_LOOP ( 'NONE', ( #3346, #2258, #2193, #3206 ) ) ;
#1679 = ADVANCED_FACE ( 'NONE', ( #2968 ), #2715, .F. ) ;
#1680 = LINE ( 'NONE', #361, #2864 ) ;
#1681 = EDGE_CURVE ( 'NONE', #1608, #2773, #1797, .T. ) ;
#1682 = FACE_OUTER_BOUND ( 'NONE', #1632, .T. ) ;
#1683 = DIRECTION ( 'NONE',  ( 0.000000000000000000, 1.000000000000000000, 0.000000000000000000 ) ) ;
#1684 = ORIENTED_EDGE ( 'NONE', *, *, #2964, .T. ) ;
#1685 = CARTESIAN_POINT ( 'NONE',  ( 5.049999999999998934, 12.09999999999999964, -2.285000000000000142 ) ) ;
#1686 = EDGE_CURVE ( 'NONE', #627, #1590, #679, .T. ) ;
#1687 = ORIENTED_EDGE ( 'NONE', *, *, #439, .F. ) ;
#1688 = CARTESIAN_POINT ( 'NONE',  ( -5.049999999999998934, 17.10000000000000142, -1.015000000000001457 ) ) ;
#1689 = VECTOR ( 'NONE', #791, 1000.000000000000000 ) ;
#1690 = CARTESIAN_POINT ( 'NONE',  ( -0.4174999999999999267, 0.6499999999999998002, 0.8099999999999993872 ) ) ;
#1691 = EDGE_CURVE ( 'NONE', #2888, #1946, #652, .T. ) ;
#1692 = EDGE_LOOP ( 'NONE', ( #1121, #3230 ) ) ;
#1693 = VERTEX_POINT ( 'NONE', #19 ) ;
#1694 = ORIENTED_EDGE ( 'NONE', *, *, #3215, .F. ) ;
#1695 = EDGE_CURVE ( 'NONE', #2570, #579, #1680, .T. ) ;
#1696 = CARTESIAN_POINT ( 'NONE',  ( 4.888137493400860123, 11.71637512643748735, 2.109373868681029052 ) ) ;
#1697 = VECTOR ( 'NONE', #1813, 1000.000000000000000 ) ;
#1698 = CARTESIAN_POINT ( 'NONE',  ( 5.080000000000000071, 11.69481094902041285, 2.284999999999999698 ) ) ;
#1699 = VECTOR ( 'NONE', #2041, 1000.000000000000000 ) ;
#1700 = ORIENTED_EDGE ( 'NONE', *, *, #362, .T. ) ;
#1701 = ORIENTED_EDGE ( 'NONE', *, *, #56, .T. ) ;
#1702 = EDGE_LOOP ( 'NONE', ( #1198, #2207 ) ) ;
#1703 = FACE_OUTER_BOUND ( 'NONE', #2066, .T. ) ;
#1704 = VECTOR ( 'NONE', #750, 1000.000000000000000 ) ;
#1705 = ORIENTED_EDGE ( 'NONE', *, *, #959, .T. ) ;
#1706 = DIRECTION ( 'NONE',  ( 0.000000000000000000, -1.000000000000000000, 0.000000000000000000 ) ) ;
#1707 = CARTESIAN_POINT ( 'NONE',  ( 2.982499999999998597, -10.05000000000000071, 0.4049999999999993605 ) ) ;
#1708 = ORIENTED_EDGE ( 'NONE', *, *, #764, .F. ) ;
#1709 = VERTEX_POINT ( 'NONE', #1717 ) ;
#1710 = EDGE_CURVE ( 'NONE', #290, #2570, #1823, .T. ) ;
#1711 = VECTOR ( 'NONE', #1577, 1000.000000000000114 ) ;
#1712 = ORIENTED_EDGE ( 'NONE', *, *, #385, .F. ) ;
#1713 = DIRECTION ( 'NONE',  ( -0.000000000000000000, -0.000000000000000000, -1.000000000000000000 ) ) ;
#1714 = AXIS2_PLACEMENT_3D ( 'NONE', #1896, #1594, #3213 ) ;
#1715 = VERTEX_POINT ( 'NONE', #902 ) ;
#1716 = VERTEX_POINT ( 'NONE', #1435 ) ;
#1717 = CARTESIAN_POINT ( 'NONE',  ( -4.025000000000000355, 6.050000000000000711, -2.285000000000000142 ) ) ;
#1718 = ADVANCED_FACE ( 'NONE', ( #1785 ), #1857, .F. ) ;
#1719 = LINE ( 'NONE', #2518, #2298 ) ;
#1720 = VECTOR ( 'NONE', #2878, 1000.000000000000000 ) ;
#1721 = DIRECTION ( 'NONE',  ( -1.000000000000000000, 0.000000000000000000, 0.000000000000000000 ) ) ;
#1722 = ORIENTED_EDGE ( 'NONE', *, *, #434, .F. ) ;
#1723 = ORIENTED_EDGE ( 'NONE', *, *, #1352, .F. ) ;
#1724 = VERTEX_POINT ( 'NONE', #639 ) ;
#1725 = CARTESIAN_POINT ( 'NONE',  ( -2.117499999999999272, 0.6499999999999998002, 0.4049999999999993605 ) ) ;
#1726 = LINE ( 'NONE', #3053, #698 ) ;
#1727 = CARTESIAN_POINT ( 'NONE',  ( -4.880469490908099672, 11.69481094902041285, 2.284999999999999698 ) ) ;
#1728 = VERTEX_POINT ( 'NONE', #919 ) ;
#1729 =( NAMED_UNIT ( * ) PLANE_ANGLE_UNIT ( ) SI_UNIT ( $, .RADIAN. ) );
#1730 = VERTEX_POINT ( 'NONE', #80 ) ;
#1731 = VERTEX_POINT ( 'NONE', #1688 ) ;
#1732 = LINE ( 'NONE', #1362, #3020 ) ;
#1733 = DIRECTION ( 'NONE',  ( 1.000000000000000000, 0.000000000000000000, -0.000000000000000000 ) ) ;
#1734 = ORIENTED_EDGE ( 'NONE', *, *, #1, .T. ) ;
#1735 = DIRECTION ( 'NONE',  ( 1.000000000000000000, 0.000000000000000000, -0.000000000000000000 ) ) ;
#1736 = EDGE_CURVE ( 'NONE', #588, #173, #658, .T. ) ;
#1737 = ORIENTED_EDGE ( 'NONE', *, *, #1119, .T. ) ;
#1738 = ORIENTED_EDGE ( 'NONE', *, *, #2522, .F. ) ;
#1739 = FACE_OUTER_BOUND ( 'NONE', #1500, .T. ) ;
#1740 = EDGE_CURVE ( 'NONE', #3343, #1376, #1832, .T. ) ;
#1741 = VERTEX_POINT ( 'NONE', #1042 ) ;
#1742 = CARTESIAN_POINT ( 'NONE',  ( -3.852499999999998259, 0.6499999999999999112, 0.4049999999999993605 ) ) ;
#1743 = ORIENTED_EDGE ( 'NONE', *, *, #1323, .T. ) ;
#1744 = VERTEX_POINT ( 'NONE', #843 ) ;
#1745 = DIRECTION ( 'NONE',  ( 1.000000000000000000, 0.000000000000000000, 0.000000000000000000 ) ) ;
#1746 = LINE ( 'NONE', #2859, #2910 ) ;
#1747 = CARTESIAN_POINT ( 'NONE',  ( 1.282499999999999307, 0.000000000000000000, 0.8099999999999993872 ) ) ;
#1748 = ORIENTED_EDGE ( 'NONE', *, *, #3060, .T. ) ;
#1749 = ADVANCED_FACE ( 'NONE', ( #706 ), #1971, .F. ) ;
#1750 = ORIENTED_EDGE ( 'NONE', *, *, #1992, .F. ) ;
#1751 = ORIENTED_EDGE ( 'NONE', *, *, #392, .T. ) ;
#1752 = DIRECTION ( 'NONE',  ( 0.000000000000000000, 0.000000000000000000, 1.000000000000000000 ) ) ;
#1753 = LINE ( 'NONE', #3360, #2778 ) ;
#1754 = ORIENTED_EDGE ( 'NONE', *, *, #2712, .T. ) ;
#1755 = DIRECTION ( 'NONE',  ( -0.000000000000000000, -0.000000000000000000, -1.000000000000000000 ) ) ;
#1756 = ORIENTED_EDGE ( 'NONE', *, *, #2534, .F. ) ;
#1757 = ORIENTED_EDGE ( 'NONE', *, *, #1505, .F. ) ;
#1758 = CARTESIAN_POINT ( 'NONE',  ( -4.888137493400860123, 11.71637512643748913, 2.109373868681029496 ) ) ;
#1759 = PRESENTATION_LAYER_ASSIGNMENT (  '', '', ( #2499 ) ) ;
#1760 = ORIENTED_EDGE ( 'NONE', *, *, #1965, .F. ) ;
#1761 = CARTESIAN_POINT ( 'NONE',  ( -3.852499999999998259, 0.000000000000000000, 0.8099999999999993872 ) ) ;
#1762 = ORIENTED_EDGE ( 'NONE', *, *, #2141, .F. ) ;
#1763 = DIRECTION ( 'NONE',  ( 1.000000000000000000, 0.000000000000000000, 0.000000000000000000 ) ) ;
#1764 = DIRECTION ( 'NONE',  ( -1.000000000000000000, 0.000000000000000000, 0.000000000000000000 ) ) ;
#1765 = ORIENTED_EDGE ( 'NONE', *, *, #237, .F. ) ;
#1766 = PLANE ( 'NONE',  #377 ) ;
#1767 = STYLED_ITEM ( 'NONE', ( #2702 ), #1614 ) ;
#1768 = ORIENTED_EDGE ( 'NONE', *, *, #1645, .F. ) ;
#1769 = ORIENTED_EDGE ( 'NONE', *, *, #785, .T. ) ;
#1770 = DIRECTION ( 'NONE',  ( -1.000000000000000000, 0.000000000000000000, 0.000000000000000000 ) ) ;
#1771 = DIRECTION ( 'NONE',  ( -0.04329486679326734200, -0.1217550711101294952, -0.9916154784836310743 ) ) ;
#1772 = ORIENTED_EDGE ( 'NONE', *, *, #864, .T. ) ;
#1773 = DIRECTION ( 'NONE',  ( -0.000000000000000000, -0.000000000000000000, -1.000000000000000000 ) ) ;
#1774 = DIRECTION ( 'NONE',  ( -1.000000000000000000, -0.000000000000000000, -0.000000000000000000 ) ) ;
#1775 = EDGE_CURVE ( 'NONE', #2543, #2718, #537, .T. ) ;
#1776 = VERTEX_POINT ( 'NONE', #304 ) ;
#1777 = ADVANCED_FACE ( 'NONE', ( #1792 ), #1062, .F. ) ;
#1778 = VECTOR ( 'NONE', #2180, 1000.000000000000000 ) ;
#1779 = EDGE_CURVE ( 'NONE', #759, #74, #2840, .T. ) ;
#1780 = ORIENTED_EDGE ( 'NONE', *, *, #221, .F. ) ;
#1781 = VECTOR ( 'NONE', #849, 1000.000000000000000 ) ;
#1782 = DIRECTION ( 'NONE',  ( 0.000000000000000000, 5.005171518229332485E-17, -1.000000000000000000 ) ) ;
#1783 = ORIENTED_EDGE ( 'NONE', *, *, #3138, .T. ) ;
#1784 = EDGE_CURVE ( 'NONE', #192, #1037, #1840, .T. ) ;
#1785 = FACE_OUTER_BOUND ( 'NONE', #2678, .T. ) ;
#1786 = CARTESIAN_POINT ( 'NONE',  ( 3.795780049730349326, 11.29999999999999893, -1.015000000000000568 ) ) ;
#1787 = CARTESIAN_POINT ( 'NONE',  ( 2.152499999999999414, 0.000000000000000000, 0.8099999999999993872 ) ) ;
#1788 = CLOSED_SHELL ( 'NONE', ( #853, #1679, #2811, #2668, #1911, #1983, #3207, #1629, #1040, #397, #3339, #700, #2040, #2636 ) ) ;
#1789 = CARTESIAN_POINT ( 'NONE',  ( 4.880469490908099672, 11.51786589610922285, 2.284999999999999698 ) ) ;
#1790 = VECTOR ( 'NONE', #315, 1000.000000000000000 ) ;
#1791 = DIRECTION ( 'NONE',  ( -1.000000000000000000, -0.000000000000000000, -0.000000000000000000 ) ) ;
#1792 = FACE_OUTER_BOUND ( 'NONE', #534, .T. ) ;
#1793 = DIRECTION ( 'NONE',  ( 0.000000000000000000, 0.000000000000000000, -1.000000000000000000 ) ) ;
#1794 = ORIENTED_EDGE ( 'NONE', *, *, #1123, .F. ) ;
#1795 = CARTESIAN_POINT ( 'NONE',  ( -2.995780049730349059, 11.29999999999999893, -1.015000000000000568 ) ) ;
#1796 = ORIENTED_EDGE ( 'NONE', *, *, #1443, .T. ) ;
#1797 = LINE ( 'NONE', #1105, #2931 ) ;
#1798 = DIRECTION ( 'NONE',  ( 1.000000000000000000, 0.000000000000000000, 0.000000000000000000 ) ) ;
#1799 = EDGE_CURVE ( 'NONE', #2502, #2933, #711, .T. ) ;
#1800 = CARTESIAN_POINT ( 'NONE',  ( 2.117499999999999716, 0.6499999999999999112, 0.8099999999999993872 ) ) ;
#1801 = DIRECTION ( 'NONE',  ( -3.097720492815738111E-15, -1.000000000000000000, 0.000000000000000000 ) ) ;
#1802 = ORIENTED_EDGE ( 'NONE', *, *, #1333, .T. ) ;
#1803 = AXIS2_PLACEMENT_3D ( 'NONE', #1988, #1457, #2006 ) ;
#1804 = ORIENTED_EDGE ( 'NONE', *, *, #221, .T. ) ;
#1805 = LINE ( 'NONE', #985, #581 ) ;
#1806 =( NAMED_UNIT ( * ) SI_UNIT ( $, .STERADIAN. ) SOLID_ANGLE_UNIT ( ) );
#1807 = ORIENTED_EDGE ( 'NONE', *, *, #2245, .F. ) ;
#1808 = ADVANCED_FACE ( 'NONE', ( #2825 ), #3267, .F. ) ;
#1809 = FACE_OUTER_BOUND ( 'NONE', #697, .T. ) ;
#1810 = ORIENTED_EDGE ( 'NONE', *, *, #3374, .T. ) ;
#1811 = DIRECTION ( 'NONE',  ( 1.000000000000000000, 0.000000000000000000, -0.000000000000000000 ) ) ;
#1812 = VERTEX_POINT ( 'NONE', #1867 ) ;
#1813 = DIRECTION ( 'NONE',  ( -0.000000000000000000, -0.000000000000000000, -1.000000000000000000 ) ) ;
#1814 = PLANE ( 'NONE',  #2173 ) ;
#1815 = ORIENTED_EDGE ( 'NONE', *, *, #864, .F. ) ;
#1816 = FACE_OUTER_BOUND ( 'NONE', #941, .T. ) ;
#1817 = EDGE_CURVE ( 'NONE', #1564, #1959, #544, .T. ) ;
#1818 = ORIENTED_EDGE ( 'NONE', *, *, #3097, .F. ) ;
#1819 = DIRECTION ( 'NONE',  ( 1.000000000000000000, 0.000000000000000000, 0.000000000000000000 ) ) ;
#1820 = CARTESIAN_POINT ( 'NONE',  ( 5.093282320185947398, 2.482356607868045462, -2.589215147478513668 ) ) ;
#1821 = EDGE_CURVE ( 'NONE', #1398, #922, #1805, .T. ) ;
#1822 = ORIENTED_EDGE ( 'NONE', *, *, #2709, .F. ) ;
#1823 = LINE ( 'NONE', #1391, #669 ) ;
#1824 = PLANE ( 'NONE',  #3416 ) ;
#1825 = CARTESIAN_POINT ( 'NONE',  ( 2.982499999999998597, 2.899727747165674163, 0.8099999999999994982 ) ) ;
#1826 = DIRECTION ( 'NONE',  ( 0.04361938736532880445, 0.9990482215818580203, -0.000000000000000000 ) ) ;
#1827 = EDGE_CURVE ( 'NONE', #2814, #1564, #549, .T. ) ;
#1828 = ORIENTED_EDGE ( 'NONE', *, *, #1557, .T. ) ;
#1829 = LINE ( 'NONE', #2976, #3033 ) ;
#1830 = DIRECTION ( 'NONE',  ( 0.000000000000000000, 0.000000000000000000, 1.000000000000000000 ) ) ;
#1831 = EDGE_LOOP ( 'NONE', ( #2169, #1506, #3335, #2584 ) ) ;
#1832 = LINE ( 'NONE', #2135, #1673 ) ;
#1833 = DIRECTION ( 'NONE',  ( 0.000000000000000000, -0.000000000000000000, -1.000000000000000000 ) ) ;
#1834 = EDGE_CURVE ( 'NONE', #348, #1728, #556, .T. ) ;
#1835 = DIRECTION ( 'NONE',  ( -0.000000000000000000, -1.000000000000000000, -0.000000000000000000 ) ) ;
#1836 = ORIENTED_EDGE ( 'NONE', *, *, #284, .T. ) ;
#1837 =( NAMED_UNIT ( * ) SI_UNIT ( $, .STERADIAN. ) SOLID_ANGLE_UNIT ( ) );
#1838 = PLANE ( 'NONE',  #2261 ) ;
#1839 = ORIENTED_EDGE ( 'NONE', *, *, #1650, .F. ) ;
#1840 = LINE ( 'NONE', #2734, #662 ) ;
#1841 = CARTESIAN_POINT ( 'NONE',  ( 3.795780049730349326, 11.29999999999999893, -1.015000000000000568 ) ) ;
#1842 = DIRECTION ( 'NONE',  ( -0.000000000000000000, -0.000000000000000000, -1.000000000000000000 ) ) ;
#1843 = ORIENTED_EDGE ( 'NONE', *, *, #2964, .F. ) ;
#1844 = DIRECTION ( 'NONE',  ( 0.000000000000000000, -0.1218693434051481145, 0.9925461516413218721 ) ) ;
#1845 = ADVANCED_FACE ( 'NONE', ( #1703 ), #2242, .F. ) ;
#1846 = CARTESIAN_POINT ( 'NONE',  ( 3.852499999999998703, 0.000000000000000000, 0.8099999999999993872 ) ) ;
#1847 = ORIENTED_EDGE ( 'NONE', *, *, #744, .F. ) ;
#1848 = VECTOR ( 'NONE', #690, 1000.000000000000000 ) ;
#1849 = AXIS2_PLACEMENT_3D ( 'NONE', #2780, #1968, #3030 ) ;
#1850 = EDGE_LOOP ( 'NONE', ( #3437, #2185, #45, #1063 ) ) ;
#1851 = EDGE_CURVE ( 'NONE', #2531, #2011, #2848, .T. ) ;
#1852 = DIRECTION ( 'NONE',  ( -0.000000000000000000, -0.000000000000000000, -1.000000000000000000 ) ) ;
#1853 = FACE_OUTER_BOUND ( 'NONE', #2698, .T. ) ;
#1854 = PLANE ( 'NONE',  #645 ) ;
#1855 = VERTEX_POINT ( 'NONE', #2058 ) ;
#1856 = LINE ( 'NONE', #3269, #2919 ) ;
#1857 = CYLINDRICAL_SURFACE ( 'NONE', #2319, 1.919999999999998153 ) ;
#1858 = DIRECTION ( 'NONE',  ( 1.000000000000000000, 0.000000000000000000, 0.000000000000000000 ) ) ;
#1859 = ORIENTED_EDGE ( 'NONE', *, *, #1505, .T. ) ;
#1860 = PLANE ( 'NONE',  #126 ) ;
#1861 = CARTESIAN_POINT ( 'NONE',  ( -2.982500000000000373, 2.899727747165673719, 0.8099999999999993872 ) ) ;
#1862 = SURFACE_STYLE_FILL_AREA ( #1117 ) ;
#1863 = VECTOR ( 'NONE', #1676, 1000.000000000000000 ) ;
#1864 = DIRECTION ( 'NONE',  ( -2.589139516383294311E-16, 1.000000000000000000, -0.000000000000000000 ) ) ;
#1865 = CARTESIAN_POINT ( 'NONE',  ( -2.982499999999999929, 0.000000000000000000, 0.4049999999999993605 ) ) ;
#1866 = ORIENTED_EDGE ( 'NONE', *, *, #2940, .T. ) ;
#1867 = CARTESIAN_POINT ( 'NONE',  ( 1.247499999999999387, 0.6499999999999999112, 0.8099999999999993872 ) ) ;
#1868 = PLANE ( 'NONE',  #2820 ) ;
#1869 = ORIENTED_EDGE ( 'NONE', *, *, #1075, .T. ) ;
#1870 = EDGE_CURVE ( 'NONE', #1426, #588, #1719, .T. ) ;
#1871 = ADVANCED_FACE ( 'NONE', ( #22 ), #1766, .T. ) ;
#1872 = DIRECTION ( 'NONE',  ( -2.402381943258827241E-17, 0.1218693434051406621, 0.9925461516413227603 ) ) ;
#1873 = CARTESIAN_POINT ( 'NONE',  ( -0.4174999999999999267, -10.05000000000000071, 0.8099999999999993872 ) ) ;
#1874 = CARTESIAN_POINT ( 'NONE',  ( -3.817500000000001226, 0.000000000000000000, 0.8099999999999993872 ) ) ;
#1875 = LINE ( 'NONE', #1651, #1778 ) ;
#1876 = DIRECTION ( 'NONE',  ( 3.942553354492743038E-16, -1.000000000000000000, 0.000000000000000000 ) ) ;
#1877 = CARTESIAN_POINT ( 'NONE',  ( -0.4174999999999999267, 0.000000000000000000, 0.4049999999999993605 ) ) ;
#1878 = CARTESIAN_POINT ( 'NONE',  ( 3.852499999999998703, 0.6499999999999999112, 0.8099999999999993872 ) ) ;
#1879 = CIRCLE ( 'NONE', #1803, 1.000000000000000222 ) ;
#1880 = DIRECTION ( 'NONE',  ( -0.000000000000000000, -1.000000000000000000, -0.000000000000000000 ) ) ;
#1881 = CARTESIAN_POINT ( 'NONE',  ( 1.247499999999999387, 0.000000000000000000, 0.8099999999999993872 ) ) ;
#1882 = AXIS2_PLACEMENT_3D ( 'NONE', #2892, #782, #994 ) ;
#1883 = VECTOR ( 'NONE', #1056, 1000.000000000000000 ) ;
#1884 = EDGE_CURVE ( 'NONE', #2718, #661, #3428, .T. ) ;
#1885 = DIRECTION ( 'NONE',  ( -1.000000000000000000, 0.000000000000000000, 0.000000000000000000 ) ) ;
#1886 = VECTOR ( 'NONE', #2824, 1000.000000000000000 ) ;
#1887 = SURFACE_STYLE_FILL_AREA ( #950 ) ;
#1888 = CARTESIAN_POINT ( 'NONE',  ( -2.982500000000000373, 2.898989183858930563, 0.8039848845708893466 ) ) ;
#1889 = MECHANICAL_DESIGN_GEOMETRIC_PRESENTATION_REPRESENTATION (  '', ( #1767 ), #231 ) ;
#1890 = ADVANCED_FACE ( 'NONE', ( #1223 ), #496, .F. ) ;
#1891 = VECTOR ( 'NONE', #2259, 1000.000000000000000 ) ;
#1892 = CARTESIAN_POINT ( 'NONE',  ( 2.117499999999999272, 2.899727747165673719, 0.8099999999999993872 ) ) ;
#1893 = CARTESIAN_POINT ( 'NONE',  ( -0.4174999999999999267, 0.6499999999999998002, 0.4049999999999993605 ) ) ;
#1894 = EDGE_CURVE ( 'NONE', #1532, #2888, #2262, .T. ) ;
#1895 = DIRECTION ( 'NONE',  ( -1.000000000000000000, -0.000000000000000000, -0.000000000000000000 ) ) ;
#1896 = CARTESIAN_POINT ( 'NONE',  ( 0.000000000000000000, 2.758682226084370193, -0.3387235858003975753 ) ) ;
#1897 = LINE ( 'NONE', #2836, #3044 ) ;
#1898 = COLOUR_RGB ( '',0.7921568627450980005, 0.8196078431372548767, 0.9333333333333333481 ) ;
#1899 = DIRECTION ( 'NONE',  ( 1.000000000000000000, 7.885106708985486076E-16, -0.000000000000000000 ) ) ;
#1900 = EDGE_CURVE ( 'NONE', #1540, #3343, #1104, .T. ) ;
#1901 = DIRECTION ( 'NONE',  ( -0.000000000000000000, -1.000000000000000000, -0.000000000000000000 ) ) ;
#1902 = ORIENTED_EDGE ( 'NONE', *, *, #3060, .F. ) ;
#1903 = LINE ( 'NONE', #1045, #3123 ) ;
#1904 = CARTESIAN_POINT ( 'NONE',  ( -5.049999999999998934, 17.10000000000000142, -1.015000000000001457 ) ) ;
#1905 = VECTOR ( 'NONE', #1316, 1000.000000000000000 ) ;
#1906 = EDGE_CURVE ( 'NONE', #3330, #1165, #2279, .T. ) ;
#1907 = ORIENTED_EDGE ( 'NONE', *, *, #2788, .T. ) ;
#1908 = DIRECTION ( 'NONE',  ( 0.000000000000000000, 1.000000000000000000, -0.000000000000000000 ) ) ;
#1909 = VECTOR ( 'NONE', #322, 1000.000000000000000 ) ;
#1910 = CARTESIAN_POINT ( 'NONE',  ( 3.852499999999998703, 0.000000000000000000, 0.4049999999999993605 ) ) ;
#1911 = ADVANCED_FACE ( 'NONE', ( #2323 ), #2784, .F. ) ;
#1912 = ORIENTED_EDGE ( 'NONE', *, *, #3391, .F. ) ;
#1913 = COLOUR_RGB ( '',0.7921568627450980005, 0.8196078431372548767, 0.9333333333333333481 ) ;
#1914 = DIRECTION ( 'NONE',  ( 0.000000000000000000, 1.000000000000000000, 6.829619984160655581E-17 ) ) ;
#1915 = DIRECTION ( 'NONE',  ( 0.000000000000000000, -1.000000000000000000, -4.862051476885460415E-17 ) ) ;
#1916 = DIRECTION ( 'NONE',  ( 0.000000000000000000, 1.000000000000000000, 1.001144274840630798E-16 ) ) ;
#1917 = CARTESIAN_POINT ( 'NONE',  ( -2.152499999999998970, 0.000000000000000000, 0.8099999999999993872 ) ) ;
#1918 = CARTESIAN_POINT ( 'NONE',  ( 2.982499999999998597, 0.000000000000000000, 0.8099999999999993872 ) ) ;
#1919 = ORIENTED_EDGE ( 'NONE', *, *, #1870, .T. ) ;
#1920 = VECTOR ( 'NONE', #1953, 1000.000000000000000 ) ;
#1921 = CARTESIAN_POINT ( 'NONE',  ( 5.075000000000001066, 18.45000000000000284, -1.015000000000001457 ) ) ;
#1922 = CLOSED_SHELL ( 'NONE', ( #2720, #3439, #2747, #586, #34, #3408, #2009, #1354, #2533, #2566, #1219, #752, #1568, #2191 ) ) ;
#1923 = DIRECTION ( 'NONE',  ( 0.000000000000000000, 1.000000000000000000, 0.000000000000000000 ) ) ;
#1924 = LINE ( 'NONE', #861, #762 ) ;
#1925 = DIRECTION ( 'NONE',  ( -1.365923996832131116E-16, -1.000000000000000000, -6.829619984160655581E-17 ) ) ;
#1926 = AXIS2_PLACEMENT_3D ( 'NONE', #3111, #3352, #936 ) ;
#1927 = CLOSED_SHELL ( 'NONE', ( #1718, #363, #980, #1000, #778, #2923, #3387, #2219, #619, #2350, #2775, #1871, #144, #727, #1293, #3363, #497, #940, #1018, #2063 ) ) ;
#1928 = CARTESIAN_POINT ( 'NONE',  ( 5.080000000000000071, 3.180290468828815165, -2.285000000000000586 ) ) ;
#1929 = EDGE_CURVE ( 'NONE', #2929, #2247, #1172, .T. ) ;
#1930 = VECTOR ( 'NONE', #1782, 1000.000000000000000 ) ;
#1931 = CARTESIAN_POINT ( 'NONE',  ( 2.152499999999999414, 0.000000000000000000, 0.4049999999999993605 ) ) ;
#1932 = ADVANCED_FACE ( 'NONE', ( #1118 ), #3296, .F. ) ;
#1933 = DIRECTION ( 'NONE',  ( 1.000000000000000000, 0.000000000000000000, 0.000000000000000000 ) ) ;
#1934 = EDGE_LOOP ( 'NONE', ( #2748, #817, #416, #369 ) ) ;
#1935 = EDGE_CURVE ( 'NONE', #173, #302, #1085, .T. ) ;
#1936 = CARTESIAN_POINT ( 'NONE',  ( -1.282499999999999307, 2.850000000000000089, 0.8099999999999993872 ) ) ;
#1937 = DIRECTION ( 'NONE',  ( 1.000000000000000000, 0.000000000000000000, -0.000000000000000000 ) ) ;
#1938 = EDGE_CURVE ( 'NONE', #475, #3188, #1131, .T. ) ;
#1939 = ORIENTED_EDGE ( 'NONE', *, *, #1015, .T. ) ;
#1940 = LINE ( 'NONE', #353, #3011 ) ;
#1941 = CARTESIAN_POINT ( 'NONE',  ( 0.4175000000000003153, 0.6499999999999999112, 0.8099999999999993872 ) ) ;
#1942 = ORIENTED_EDGE ( 'NONE', *, *, #1460, .T. ) ;
#1943 = DIRECTION ( 'NONE',  ( 1.000000000000000000, -0.000000000000000000, -0.000000000000000000 ) ) ;
#1944 = FACE_OUTER_BOUND ( 'NONE', #2737, .T. ) ;
#1945 = DIRECTION ( 'NONE',  ( -0.000000000000000000, -1.000000000000000000, -0.000000000000000000 ) ) ;
#1946 = VERTEX_POINT ( 'NONE', #1789 ) ;
#1947 = CARTESIAN_POINT ( 'NONE',  ( 2.117499999999999716, 0.6499999999999999112, 0.4049999999999993605 ) ) ;
#1948 = LINE ( 'NONE', #582, #737 ) ;
#1949 = CARTESIAN_POINT ( 'NONE',  ( 5.080000000000000071, 3.180290468828815165, -2.285000000000000586 ) ) ;
#1950 = CARTESIAN_POINT ( 'NONE',  ( -2.152499999999998970, 0.000000000000000000, 0.4049999999999993605 ) ) ;
#1951 = EDGE_CURVE ( 'NONE', #1165, #408, #1156, .T. ) ;
#1952 = AXIS2_PLACEMENT_3D ( 'NONE', #3304, #2527, #3121 ) ;
#1953 = DIRECTION ( 'NONE',  ( 1.000000000000000000, -2.921657363680125966E-15, 0.000000000000000000 ) ) ;
#1954 = ORIENTED_EDGE ( 'NONE', *, *, #701, .F. ) ;
#1955 = VECTOR ( 'NONE', #481, 1000.000000000000000 ) ;
#1956 = LINE ( 'NONE', #3128, #3048 ) ;
#1957 = CARTESIAN_POINT ( 'NONE',  ( 3.817500000000001670, -10.05000000000000071, 0.8099999999999993872 ) ) ;
#1958 = CARTESIAN_POINT ( 'NONE',  ( 0.4175000000000003153, 1.022580077288040499E-16, 0.4049999999999993605 ) ) ;
#1959 = VERTEX_POINT ( 'NONE', #28 ) ;
#1960 = AXIS2_PLACEMENT_3D ( 'NONE', #487, #247, #3366 ) ;
#1961 = ORIENTED_EDGE ( 'NONE', *, *, #2141, .T. ) ;
#1962 = DIRECTION ( 'NONE',  ( 0.000000000000000000, -0.000000000000000000, 1.000000000000000000 ) ) ;
#1963 = VECTOR ( 'NONE', #2776, 1000.000000000000000 ) ;
#1964 = DIRECTION ( 'NONE',  ( 0.000000000000000000, 5.005171518229332485E-17, -1.000000000000000000 ) ) ;
#1965 = EDGE_CURVE ( 'NONE', #1812, #387, #2229, .T. ) ;
#1966 = VERTEX_POINT ( 'NONE', #2371 ) ;
#1967 = VECTOR ( 'NONE', #3080, 1000.000000000000000 ) ;
#1968 = DIRECTION ( 'NONE',  ( -1.000000000000000000, 0.000000000000000000, 0.000000000000000000 ) ) ;
#1969 = LINE ( 'NONE', #2240, #893 ) ;
#1970 = EDGE_CURVE ( 'NONE', #1533, #2835, #2254, .T. ) ;
#1971 = PLANE ( 'NONE',  #2465 ) ;
#1972 = EDGE_CURVE ( 'NONE', #1724, #2367, #1107, .T. ) ;
#1973 = PLANE ( 'NONE',  #465 ) ;
#1974 = VERTEX_POINT ( 'NONE', #1030 ) ;
#1975 = LINE ( 'NONE', #2266, #3141 ) ;
#1976 = EDGE_CURVE ( 'NONE', #2744, #3106, #3398, .T. ) ;
#1977 = PLANE ( 'NONE',  #2425 ) ;
#1978 = DIRECTION ( 'NONE',  ( 0.000000000000000000, -1.000000000000000000, 0.000000000000000000 ) ) ;
#1979 = VERTEX_POINT ( 'NONE', #890 ) ;
#1980 = FACE_OUTER_BOUND ( 'NONE', #1051, .T. ) ;
#1981 = DIRECTION ( 'NONE',  ( 0.000000000000000000, 1.000000000000000000, 0.000000000000000000 ) ) ;
#1982 = VECTOR ( 'NONE', #3154, 1000.000000000000000 ) ;
#1983 = ADVANCED_FACE ( 'NONE', ( #1136 ), #2403, .F. ) ;
#1984 = ORIENTED_EDGE ( 'NONE', *, *, #2788, .F. ) ;
#1985 = DIRECTION ( 'NONE',  ( -1.000000000000000000, -0.000000000000000000, -0.000000000000000000 ) ) ;
#1986 = LINE ( 'NONE', #2031, #3037 ) ;
#1987 = VECTOR ( 'NONE', #970, 1000.000000000000000 ) ;
#1988 = CARTESIAN_POINT ( 'NONE',  ( 0.000000000000000000, 9.600000000000001421, 2.184999999999998721 ) ) ;
#1989 = DIRECTION ( 'NONE',  ( 1.000000000000000000, 0.000000000000000000, 0.000000000000000000 ) ) ;
#1990 = AXIS2_PLACEMENT_3D ( 'NONE', #2622, #283, #2402 ) ;
#1991 = VERTEX_POINT ( 'NONE', #647 ) ;
#1992 = EDGE_CURVE ( 'NONE', #387, #3224, #1111, .T. ) ;
#1993 = PRESENTATION_STYLE_ASSIGNMENT (( #1047 ) ) ;
#1994 = MECHANICAL_DESIGN_GEOMETRIC_PRESENTATION_REPRESENTATION (  '', ( #726 ), #3305 ) ;
#1995 = LINE ( 'NONE', #106, #860 ) ;
#1996 = DIRECTION ( 'NONE',  ( 0.000000000000000000, 5.005171518229332485E-17, -1.000000000000000000 ) ) ;
#1997 = LINE ( 'NONE', #2281, #2037 ) ;
#1998 = CARTESIAN_POINT ( 'NONE',  ( 4.883539256459080491, 11.70344383209950578, 2.214690809531652871 ) ) ;
#1999 = SURFACE_SIDE_STYLE ('',( #2490 ) ) ;
#2000 = EDGE_LOOP ( 'NONE', ( #2203, #25, #1189, #1701 ) ) ;
#2001 = VECTOR ( 'NONE', #915, 1000.000000000000000 ) ;
#2002 = VECTOR ( 'NONE', #510, 1000.000000000000227 ) ;
#2003 = CARTESIAN_POINT ( 'NONE',  ( -3.852499999999998259, 0.6499999999999999112, 0.8099999999999993872 ) ) ;
#2004 = LINE ( 'NONE', #1181, #883 ) ;
#2005 = VECTOR ( 'NONE', #1858, 1000.000000000000000 ) ;
#2006 = DIRECTION ( 'NONE',  ( 1.000000000000000000, 0.000000000000000000, 0.000000000000000000 ) ) ;
#2007 = EDGE_CURVE ( 'NONE', #579, #2217, #2341, .T. ) ;
#2008 = DIRECTION ( 'NONE',  ( -0.000000000000000000, -1.000000000000000000, -0.000000000000000000 ) ) ;
#2009 = ADVANCED_FACE ( 'NONE', ( #2269 ), #2995, .F. ) ;
#2010 = EDGE_CURVE ( 'NONE', #47, #1776, #1215, .T. ) ;
#2011 = VERTEX_POINT ( 'NONE', #855 ) ;
#2012 = LINE ( 'NONE', #2753, #3208 ) ;
#2013 = CARTESIAN_POINT ( 'NONE',  ( -5.049999999999998934, 12.09999999999999964, -1.015000000000000568 ) ) ;
#2014 = CARTESIAN_POINT ( 'NONE',  ( 0.000000000000000000, 0.000000000000000000, 0.4049999999999993605 ) ) ;
#2015 = DIRECTION ( 'NONE',  ( -0.000000000000000000, -0.000000000000000000, 1.000000000000000000 ) ) ;
#2016 = EDGE_CURVE ( 'NONE', #387, #407, #2308, .T. ) ;
#2017 = VECTOR ( 'NONE', #1518, 1000.000000000000000 ) ;
#2018 = FACE_OUTER_BOUND ( 'NONE', #2000, .T. ) ;
#2019 = DIRECTION ( 'NONE',  ( 0.000000000000000000, -0.9925461516413228713, 0.1218693434051406760 ) ) ;
#2020 = ORIENTED_EDGE ( 'NONE', *, *, #821, .T. ) ;
#2021 = FACE_OUTER_BOUND ( 'NONE', #140, .T. ) ;
#2022 =( NAMED_UNIT ( * ) PLANE_ANGLE_UNIT ( ) SI_UNIT ( $, .RADIAN. ) );
#2023 = LINE ( 'NONE', #3295, #867 ) ;
#2024 = DIRECTION ( 'NONE',  ( -0.000000000000000000, -1.000000000000000000, -0.000000000000000000 ) ) ;
#2025 = CARTESIAN_POINT ( 'NONE',  ( -5.049999999999999822, 18.45000000000000284, -1.015000000000000124 ) ) ;
#2026 = ORIENTED_EDGE ( 'NONE', *, *, #3040, .T. ) ;
#2027 = FACE_OUTER_BOUND ( 'NONE', #1692, .T. ) ;
#2028 = AXIS2_PLACEMENT_3D ( 'NONE', #3246, #646, #1029 ) ;
#2029 = LINE ( 'NONE', #3299, #3187 ) ;
#2030 = DIRECTION ( 'NONE',  ( 1.000000000000000000, -3.097720492815738111E-15, 0.000000000000000000 ) ) ;
#2031 = CARTESIAN_POINT ( 'NONE',  ( -1.282499999999998863, 1.022580077288040499E-16, 0.8099999999999993872 ) ) ;
#2032 = AXIS2_PLACEMENT_3D ( 'NONE', #1585, #946, #2304 ) ;
#2033 = ORIENTED_EDGE ( 'NONE', *, *, #578, .F. ) ;
#2034 = VECTOR ( 'NONE', #2922, 1000.000000000000000 ) ;
#2035 = CARTESIAN_POINT ( 'NONE',  ( 1.000000000000000222, 9.600000000000001421, 2.184999999999998721 ) ) ;
#2036 = ADVANCED_FACE ( 'NONE', ( #2300 ), #2431, .F. ) ;
#2037 = VECTOR ( 'NONE', #2095, 1000.000000000000000 ) ;
#2038 = CARTESIAN_POINT ( 'NONE',  ( 2.152499999999999414, 0.000000000000000000, 0.8099999999999993872 ) ) ;
#2039 = DIRECTION ( 'NONE',  ( 1.000000000000000000, 0.000000000000000000, -0.000000000000000000 ) ) ;
#2040 = ADVANCED_FACE ( 'NONE', ( #2235 ), #1381, .F. ) ;
#2041 = DIRECTION ( 'NONE',  ( -1.000000000000000000, -0.000000000000000000, -0.000000000000000000 ) ) ;
#2042 = AXIS2_PLACEMENT_3D ( 'NONE', #2948, #2152, #2139 ) ;
#2043 = ORIENTED_EDGE ( 'NONE', *, *, #2703, .F. ) ;
#2044 = CIRCLE ( 'NONE', #310, 1.000000000000000222 ) ;
#2045 = CARTESIAN_POINT ( 'NONE',  ( -1.282499999999998863, 1.022580077288040499E-16, 0.8099999999999993872 ) ) ;
#2046 =( LENGTH_UNIT ( ) NAMED_UNIT ( * ) SI_UNIT ( .MILLI., .METRE. ) );
#2047 = VECTOR ( 'NONE', #1477, 1000.000000000000000 ) ;
#2048 = CARTESIAN_POINT ( 'NONE',  ( -2.982499999999999929, 0.000000000000000000, 0.8099999999999993872 ) ) ;
#2049 = CARTESIAN_POINT ( 'NONE',  ( 0.000000000000000000, 2.850000000000000533, 0.4049999999999993605 ) ) ;
#2050 = EDGE_CURVE ( 'NONE', #1620, #802, #2335, .T. ) ;
#2051 = VERTEX_POINT ( 'NONE', #2927 ) ;
#2052 = LINE ( 'NONE', #767, #3136 ) ;
#2053 = CARTESIAN_POINT ( 'NONE',  ( 0.000000000000000000, 0.000000000000000000, 0.8099999999999993872 ) ) ;
#2054 = EDGE_CURVE ( 'NONE', #585, #2856, #51, .T. ) ;
#2055 = CARTESIAN_POINT ( 'NONE',  ( 2.995780049730349059, 12.09999999999999964, -1.015000000000000568 ) ) ;
#2056 = VECTOR ( 'NONE', #3110, 1000.000000000000000 ) ;
#2057 = DIRECTION ( 'NONE',  ( 1.000000000000000000, -0.000000000000000000, -0.000000000000000000 ) ) ;
#2058 = CARTESIAN_POINT ( 'NONE',  ( -2.995780049730349059, 12.09999999999999964, -1.015000000000000568 ) ) ;
#2059 = ORIENTED_EDGE ( 'NONE', *, *, #578, .T. ) ;
#2060 = COLOUR_RGB ( '',0.7921568627450980005, 0.8196078431372548767, 0.9333333333333333481 ) ;
#2061 = LINE ( 'NONE', #2594, #1982 ) ;
#2062 = CARTESIAN_POINT ( 'NONE',  ( -2.995780049730349059, 11.29999999999999893, -1.015000000000000568 ) ) ;
#2063 = ADVANCED_FACE ( 'NONE', ( #2314 ), #831, .T. ) ;
#2064 = PLANE ( 'NONE',  #139 ) ;
#2065 = DIRECTION ( 'NONE',  ( 0.000000000000000000, -1.000000000000000000, 0.000000000000000000 ) ) ;
#2066 = EDGE_LOOP ( 'NONE', ( #1021, #2205, #3309, #386 ) ) ;
#2067 = VECTOR ( 'NONE', #2097, 1000.000000000000000 ) ;
#2068 = FILL_AREA_STYLE_COLOUR ( '', #1913 ) ;
#2069 = CARTESIAN_POINT ( 'NONE',  ( -2.995780049730349059, 12.09999999999999964, -1.015000000000000124 ) ) ;
#2070 = AXIS2_PLACEMENT_3D ( 'NONE', #1367, #655, #2133 ) ;
#2071 = DIRECTION ( 'NONE',  ( 0.000000000000000000, -0.1218693434051406621, -0.9925461516413227603 ) ) ;
#2072 = LINE ( 'NONE', #1329, #2034 ) ;
#2073 = PLANE ( 'NONE',  #800 ) ;
#2074 = CARTESIAN_POINT ( 'NONE',  ( -2.995780049730349059, 12.09999999999999964, -1.015000000000000568 ) ) ;
#2075 = VERTEX_POINT ( 'NONE', #670 ) ;
#2076 = FACE_OUTER_BOUND ( 'NONE', #1514, .T. ) ;
#2077 = CARTESIAN_POINT ( 'NONE',  ( 2.351321854362916896E-16, 13.69000000000000306, -1.015000000000000124 ) ) ;
#2078 = AXIS2_PLACEMENT_3D ( 'NONE', #1727, #57, #2178 ) ;
#2079 = DIRECTION ( 'NONE',  ( 0.000000000000000000, 0.000000000000000000, 1.000000000000000000 ) ) ;
#2080 = DIRECTION ( 'NONE',  ( 0.000000000000000000, 0.000000000000000000, 1.000000000000000000 ) ) ;
#2081 = ORIENTED_EDGE ( 'NONE', *, *, #625, .F. ) ;
#2082 = CIRCLE ( 'NONE', #1093, 1.000000000000000222 ) ;
#2083 = EDGE_CURVE ( 'NONE', #2856, #1108, #12, .T. ) ;
#2084 = CARTESIAN_POINT ( 'NONE',  ( -2.947499999999998455, 0.000000000000000000, 0.8099999999999993872 ) ) ;
#2085 = EDGE_CURVE ( 'NONE', #1730, #654, #63, .T. ) ;
#2086 = DIRECTION ( 'NONE',  ( -0.000000000000000000, -1.000000000000000000, -0.000000000000000000 ) ) ;
#2087 = LINE ( 'NONE', #2340, #285 ) ;
#2088 = EDGE_CURVE ( 'NONE', #1043, #2348, #3385, .T. ) ;
#2089 = ADVANCED_FACE ( 'NONE', ( #1209 ), #2504, .F. ) ;
#2090 = DIRECTION ( 'NONE',  ( 2.589139516383294311E-16, -1.000000000000000000, 0.000000000000000000 ) ) ;
#2091 = ORIENTED_EDGE ( 'NONE', *, *, #1423, .F. ) ;
#2092 = CARTESIAN_POINT ( 'NONE',  ( -1.282499999999996421, -10.05000000000000071, 0.8099999999999993872 ) ) ;
#2093 = EDGE_CURVE ( 'NONE', #1272, #1493, #58, .T. ) ;
#2094 = FACE_OUTER_BOUND ( 'NONE', #1031, .T. ) ;
#2095 = DIRECTION ( 'NONE',  ( 1.000000000000000000, -0.000000000000000000, -0.000000000000000000 ) ) ;
#2096 = FILL_AREA_STYLE ('',( #3410 ) ) ;
#2097 = DIRECTION ( 'NONE',  ( 1.000000000000000000, -2.921657363680125966E-15, 0.000000000000000000 ) ) ;
#2098 = CARTESIAN_POINT ( 'NONE',  ( 3.852499999999998703, 0.000000000000000000, 0.4049999999999993605 ) ) ;
#2099 = DIRECTION ( 'NONE',  ( 2.589139516383294311E-16, -1.000000000000000000, -0.000000000000000000 ) ) ;
#2100 = CARTESIAN_POINT ( 'NONE',  ( 4.025000000000000355, 6.050000000000000711, -2.285000000000000142 ) ) ;
#2101 = AXIS2_PLACEMENT_3D ( 'NONE', #1588, #557, #1876 ) ;
#2102 = EDGE_CURVE ( 'NONE', #414, #1527, #3381, .T. ) ;
#2103 = DIRECTION ( 'NONE',  ( 0.000000000000000000, 0.000000000000000000, 1.000000000000000000 ) ) ;
#2104 = AXIS2_PLACEMENT_3D ( 'NONE', #1170, #1482, #276 ) ;
#2105 = CARTESIAN_POINT ( 'NONE',  ( 0.4175000000000029243, -10.05000000000000071, 0.4049999999999993605 ) ) ;
#2106 = ORIENTED_EDGE ( 'NONE', *, *, #2144, .F. ) ;
#2107 = CARTESIAN_POINT ( 'NONE',  ( -2.995780049730349059, 11.29999999999999893, -1.015000000000000568 ) ) ;
#2108 = CARTESIAN_POINT ( 'NONE',  ( 3.817499999999999005, 1.022580077288040499E-16, 0.8099999999999993872 ) ) ;
#2109 = ORIENTED_EDGE ( 'NONE', *, *, #3318, .T. ) ;
#2110 = CARTESIAN_POINT ( 'NONE',  ( 4.025000000000000355, 6.050000000000000711, -1.015000000000000568 ) ) ;
#2111 =( NAMED_UNIT ( * ) SI_UNIT ( $, .STERADIAN. ) SOLID_ANGLE_UNIT ( ) );
#2112 = ADVANCED_FACE ( 'NONE', ( #3393 ), #3077, .F. ) ;
#2113 = AXIS2_PLACEMENT_3D ( 'NONE', #2114, #2766, #923 ) ;
#2114 = CARTESIAN_POINT ( 'NONE',  ( -3.852499999999998259, 0.6499999999999999112, 0.8099999999999993872 ) ) ;
#2115 = CARTESIAN_POINT ( 'NONE',  ( -0.4174999999999999267, 2.850000000000000533, 0.4049999999999993605 ) ) ;
#2116 = EDGE_CURVE ( 'NONE', #248, #3394, #29, .T. ) ;
#2117 = VERTEX_POINT ( 'NONE', #714 ) ;
#2118 = EDGE_CURVE ( 'NONE', #2846, #17, #1100, .T. ) ;
#2119 = DIRECTION ( 'NONE',  ( -0.000000000000000000, 1.000000000000000000, -0.000000000000000000 ) ) ;
#2120 = CARTESIAN_POINT ( 'NONE',  ( -0.4524999999999997913, 0.6499999999999999112, 0.8099999999999993872 ) ) ;
#2121 = EDGE_CURVE ( 'NONE', #657, #2557, #3418, .T. ) ;
#2122 = EDGE_LOOP ( 'NONE', ( #3002, #3084, #610, #2991 ) ) ;
#2123 = EDGE_CURVE ( 'NONE', #2908, #2835, #1193, .T. ) ;
#2124 = DIRECTION ( 'NONE',  ( -1.000000000000000000, -0.000000000000000000, -0.000000000000000000 ) ) ;
#2125 = DIRECTION ( 'NONE',  ( 1.000000000000000000, 0.000000000000000000, 0.000000000000000000 ) ) ;
#2126 = DIRECTION ( 'NONE',  ( -0.000000000000000000, 5.005171518229332485E-17, -1.000000000000000000 ) ) ;
#2127 = DIRECTION ( 'NONE',  ( 1.000000000000000000, -0.000000000000000000, -0.000000000000000000 ) ) ;
#2128 = ADVANCED_FACE ( 'NONE', ( #1202 ), #943, .F. ) ;
#2129 = AXIS2_PLACEMENT_3D ( 'NONE', #3133, #1245, #1157 ) ;
#2130 = DIRECTION ( 'NONE',  ( 0.000000000000000000, 5.005171518229332485E-17, -1.000000000000000000 ) ) ;
#2131 = EDGE_CURVE ( 'NONE', #1979, #659, #1353, .T. ) ;
#2132 = CARTESIAN_POINT ( 'NONE',  ( 3.817499999999999005, 0.6499999999999999112, 0.8099999999999993872 ) ) ;
#2133 = DIRECTION ( 'NONE',  ( 1.971276677246371519E-16, -1.000000000000000000, 0.000000000000000000 ) ) ;
#2134 = DIRECTION ( 'NONE',  ( -1.000000000000000000, 0.000000000000000000, 0.000000000000000000 ) ) ;
#2135 = CARTESIAN_POINT ( 'NONE',  ( 3.817499999999999005, 1.022580077288040499E-16, 0.4049999999999993605 ) ) ;
#2136 = DIRECTION ( 'NONE',  ( -0.000000000000000000, -0.000000000000000000, -1.000000000000000000 ) ) ;
#2137 = DIRECTION ( 'NONE',  ( -0.000000000000000000, -0.000000000000000000, -1.000000000000000000 ) ) ;
#2138 = EDGE_CURVE ( 'NONE', #1310, #455, #130, .T. ) ;
#2139 = DIRECTION ( 'NONE',  ( 0.000000000000000000, -0.000000000000000000, 1.000000000000000000 ) ) ;
#2140 = CARTESIAN_POINT ( 'NONE',  ( 0.000000000000000000, 15.61000000000000298, -1.015000000000000124 ) ) ;
#2141 = EDGE_CURVE ( 'NONE', #3350, #2722, #1306, .T. ) ;
#2142 = DIRECTION ( 'NONE',  ( 1.000000000000000000, -2.921657363680125966E-15, 0.000000000000000000 ) ) ;
#2143 = CARTESIAN_POINT ( 'NONE',  ( 2.351321854362915910E-16, 13.69000000000000306, -1.015000000000000124 ) ) ;
#2144 = EDGE_CURVE ( 'NONE', #1532, #2222, #166, .T. ) ;
#2145 = DIRECTION ( 'NONE',  ( 0.000000000000000000, 1.000000000000000000, 4.862051476885460415E-17 ) ) ;
#2146 = DIRECTION ( 'NONE',  ( -0.000000000000000000, -0.000000000000000000, -1.000000000000000000 ) ) ;
#2147 = DIRECTION ( 'NONE',  ( -1.000000000000000000, -8.630465054610982268E-17, 0.000000000000000000 ) ) ;
#2148 = ORIENTED_EDGE ( 'NONE', *, *, #1224, .T. ) ;
#2149 = CARTESIAN_POINT ( 'NONE',  ( -2.117499999999999272, 2.850000000000000533, 0.4049999999999993605 ) ) ;
#2150 = ORIENTED_EDGE ( 'NONE', *, *, #1196, .T. ) ;
#2151 = CARTESIAN_POINT ( 'NONE',  ( 2.995780049730349059, 11.29999999999999893, -1.015000000000000568 ) ) ;
#2152 = DIRECTION ( 'NONE',  ( 0.000000000000000000, 1.000000000000000000, 0.000000000000000000 ) ) ;
#2153 = PLANE ( 'NONE',  #2872 ) ;
#2154 = ADVANCED_FACE ( 'NONE', ( #1346 ), #691, .F. ) ;
#2155 = DIRECTION ( 'NONE',  ( -0.04361938736532880445, 0.9990482215818580203, 0.000000000000000000 ) ) ;
#2156 = VERTEX_POINT ( 'NONE', #735 ) ;
#2157 = CARTESIAN_POINT ( 'NONE',  ( 3.817499999999998561, 2.898989183858930563, 0.8039848845708893466 ) ) ;
#2158 = CARTESIAN_POINT ( 'NONE',  ( 3.795780049730349326, 11.29999999999999893, -1.015000000000000568 ) ) ;
#2159 = CARTESIAN_POINT ( 'NONE',  ( 4.025000000000000355, 6.050000000000000711, -1.015000000000000568 ) ) ;
#2160 = EDGE_CURVE ( 'NONE', #1527, #272, #1259, .T. ) ;
#2161 = VERTEX_POINT ( 'NONE', #753 ) ;
#2162 = CARTESIAN_POINT ( 'NONE',  ( -2.152499999999998970, 0.000000000000000000, 0.8099999999999993872 ) ) ;
#2163 = DIRECTION ( 'NONE',  ( 0.000000000000000000, -1.000000000000000000, 0.000000000000000000 ) ) ;
#2164 = EDGE_CURVE ( 'NONE', #1744, #1855, #159, .T. ) ;
#2165 = DIRECTION ( 'NONE',  ( 0.000000000000000000, -5.005171518229332485E-17, 1.000000000000000000 ) ) ;
#2166 = VERTEX_POINT ( 'NONE', #1531 ) ;
#2167 = CARTESIAN_POINT ( 'NONE',  ( -2.982500000000000373, 2.850000000000000533, 0.4049999999999993605 ) ) ;
#2168 = CARTESIAN_POINT ( 'NONE',  ( -2.152499999999998970, 0.6499999999999999112, 0.8099999999999993872 ) ) ;
#2169 = ORIENTED_EDGE ( 'NONE', *, *, #1618, .F. ) ;
#2170 = CARTESIAN_POINT ( 'NONE',  ( -1.282499999999996421, -10.05000000000000071, 0.8099999999999993872 ) ) ;
#2171 = ORIENTED_EDGE ( 'NONE', *, *, #2231, .F. ) ;
#2172 = DIRECTION ( 'NONE',  ( 0.04361938736533264166, 0.000000000000000000, -0.9990482215818579093 ) ) ;
#2173 = AXIS2_PLACEMENT_3D ( 'NONE', #1525, #1222, #1603 ) ;
#2174 = DIRECTION ( 'NONE',  ( -0.000000000000000000, -0.000000000000000000, -1.000000000000000000 ) ) ;
#2175 = ORIENTED_EDGE ( 'NONE', *, *, #2434, .F. ) ;
#2176 = VERTEX_POINT ( 'NONE', #1958 ) ;
#2177 = CARTESIAN_POINT ( 'NONE',  ( 1.247499999999999387, 0.6499999999999999112, 0.4049999999999993605 ) ) ;
#2178 = DIRECTION ( 'NONE',  ( 0.000000000000000000, -1.000000000000000000, -1.001144274840630798E-16 ) ) ;
#2179 = ORIENTED_EDGE ( 'NONE', *, *, #3290, .T. ) ;
#2180 = DIRECTION ( 'NONE',  ( -0.000000000000000000, -0.000000000000000000, -1.000000000000000000 ) ) ;
#2181 = ORIENTED_EDGE ( 'NONE', *, *, #2349, .F. ) ;
#2182 = DIRECTION ( 'NONE',  ( -1.971276677246371519E-16, 1.000000000000000000, -0.000000000000000000 ) ) ;
#2183 = AXIS2_PLACEMENT_3D ( 'NONE', #1949, #2760, #1915 ) ;
#2184 = CARTESIAN_POINT ( 'NONE',  ( 2.117499999999999716, 0.6499999999999999112, 0.8099999999999993872 ) ) ;
#2185 = ORIENTED_EDGE ( 'NONE', *, *, #2231, .T. ) ;
#2186 = FILL_AREA_STYLE_COLOUR ( '', #722 ) ;
#2187 = ORIENTED_EDGE ( 'NONE', *, *, #2121, .T. ) ;
#2188 = DIRECTION ( 'NONE',  ( 0.000000000000000000, 0.000000000000000000, -1.000000000000000000 ) ) ;
#2189 = EDGE_CURVE ( 'NONE', #2933, #1966, #1298, .T. ) ;
#2190 = ORIENTED_EDGE ( 'NONE', *, *, #2657, .T. ) ;
#2191 = ADVANCED_FACE ( 'NONE', ( #2380 ), #3400, .F. ) ;
#2192 = EDGE_CURVE ( 'NONE', #1590, #922, #2433, .T. ) ;
#2193 = ORIENTED_EDGE ( 'NONE', *, *, #2728, .F. ) ;
#2194 = DIRECTION ( 'NONE',  ( 0.000000000000000000, -1.000000000000000000, -5.005171518229332485E-17 ) ) ;
#2195 = DIRECTION ( 'NONE',  ( 0.000000000000000000, 5.005171518229332485E-17, -1.000000000000000000 ) ) ;
#2196 = EDGE_CURVE ( 'NONE', #2210, #2156, #109, .T. ) ;
#2197 = CARTESIAN_POINT ( 'NONE',  ( 0.4175000000000003153, 0.6499999999999999112, 0.8099999999999993872 ) ) ;
#2198 = ORIENTED_EDGE ( 'NONE', *, *, #198, .F. ) ;
#2199 = ORIENTED_EDGE ( 'NONE', *, *, #2378, .T. ) ;
#2200 = EDGE_CURVE ( 'NONE', #455, #2176, #1341, .T. ) ;
#2201 = CARTESIAN_POINT ( 'NONE',  ( -5.075000000000001066, 18.45000000000000284, -1.015000000000001457 ) ) ;
#2202 = CARTESIAN_POINT ( 'NONE',  ( 4.025000000000000355, 6.050000000000000711, -1.015000000000000568 ) ) ;
#2203 = ORIENTED_EDGE ( 'NONE', *, *, #584, .T. ) ;
#2204 =( NAMED_UNIT ( * ) SI_UNIT ( $, .STERADIAN. ) SOLID_ANGLE_UNIT ( ) );
#2205 = ORIENTED_EDGE ( 'NONE', *, *, #3054, .F. ) ;
#2206 = PLANE ( 'NONE',  #2510 ) ;
#2207 = ORIENTED_EDGE ( 'NONE', *, *, #2909, .F. ) ;
#2208 = VERTEX_POINT ( 'NONE', #580 ) ;
#2209 = AXIS2_PLACEMENT_3D ( 'NONE', #653, #1733, #3272 ) ;
#2210 = VERTEX_POINT ( 'NONE', #2327 ) ;
#2211 = EDGE_CURVE ( 'NONE', #1716, #599, #195, .T. ) ;
#2212 = DIRECTION ( 'NONE',  ( -1.365923996832131116E-16, -1.000000000000000000, -6.829619984160655581E-17 ) ) ;
#2213 = ORIENTED_EDGE ( 'NONE', *, *, #1775, .F. ) ;
#2214 = CARTESIAN_POINT ( 'NONE',  ( 4.025000000000000355, 6.050000000000000711, -2.285000000000000142 ) ) ;
#2215 = CARTESIAN_POINT ( 'NONE',  ( 2.982499999999998597, -10.05000000000000071, 0.8099999999999993872 ) ) ;
#2216 = ORIENTED_EDGE ( 'NONE', *, *, #76, .T. ) ;
#2217 = VERTEX_POINT ( 'NONE', #3340 ) ;
#2218 = PLANE ( 'NONE',  #1297 ) ;
#2219 = ADVANCED_FACE ( 'NONE', ( #1276 ), #3358, .T. ) ;
#2220 = EDGE_LOOP ( 'NONE', ( #523, #316, #1445, #3115 ) ) ;
#2221 = CARTESIAN_POINT ( 'NONE',  ( 5.049999999999999822, 18.45000000000000284, -1.015000000000000124 ) ) ;
#2222 = VERTEX_POINT ( 'NONE', #2630 ) ;
#2223 = CARTESIAN_POINT ( 'NONE',  ( -1.247499999999998943, 0.6499999999999999112, 0.8099999999999993872 ) ) ;
#2224 = CARTESIAN_POINT ( 'NONE',  ( 3.817499999999998561, 2.899727747165673719, 0.8099999999999993872 ) ) ;
#2225 = ORIENTED_EDGE ( 'NONE', *, *, #2118, .F. ) ;
#2226 = AXIS2_PLACEMENT_3D ( 'NONE', #1575, #136, #956 ) ;
#2227 = ORIENTED_EDGE ( 'NONE', *, *, #1092, .T. ) ;
#2228 = CARTESIAN_POINT ( 'NONE',  ( -0.4524999999999997913, 0.000000000000000000, 0.8099999999999993872 ) ) ;
#2229 = LINE ( 'NONE', #3441, #2249 ) ;
#2230 = ORIENTED_EDGE ( 'NONE', *, *, #2196, .T. ) ;
#2231 = EDGE_CURVE ( 'NONE', #2420, #648, #118, .T. ) ;
#2232 = EDGE_LOOP ( 'NONE', ( #90, #167, #2179, #1086 ) ) ;
#2233 = CARTESIAN_POINT ( 'NONE',  ( 0.000000000000000000, 15.61000000000000298, -2.284999999999999698 ) ) ;
#2234 = UNCERTAINTY_MEASURE_WITH_UNIT (LENGTH_MEASURE( 1.000000000000000082E-05 ), #628, 'distance_accuracy_value', 'NONE');
#2235 = FACE_OUTER_BOUND ( 'NONE', #1203, .T. ) ;
#2236 = EDGE_CURVE ( 'NONE', #475, #579, #1363, .T. ) ;
#2237 = ORIENTED_EDGE ( 'NONE', *, *, #2741, .F. ) ;
#2238 = CARTESIAN_POINT ( 'NONE',  ( -3.795780049730349326, 11.29999999999999893, -1.015000000000000568 ) ) ;
#2239 = VERTEX_POINT ( 'NONE', #2883 ) ;
#2240 = CARTESIAN_POINT ( 'NONE',  ( 3.795780049730349326, 11.29999999999999893, -1.015000000000000568 ) ) ;
#2241 = EDGE_CURVE ( 'NONE', #918, #2888, #1325, .T. ) ;
#2242 = PLANE ( 'NONE',  #323 ) ;
#2243 = ORIENTED_EDGE ( 'NONE', *, *, #895, .F. ) ;
#2244 = VECTOR ( 'NONE', #542, 1000.000000000000000 ) ;
#2245 = EDGE_CURVE ( 'NONE', #1974, #3069, #2426, .T. ) ;
#2246 = ORIENTED_EDGE ( 'NONE', *, *, #1302, .F. ) ;
#2247 = VERTEX_POINT ( 'NONE', #3424 ) ;
#2248 = DIRECTION ( 'NONE',  ( -1.000000000000000000, -0.000000000000000000, -0.000000000000000000 ) ) ;
#2249 = VECTOR ( 'NONE', #286, 1000.000000000000000 ) ;
#2250 = DIRECTION ( 'NONE',  ( 1.000000000000000000, -3.097720492815738111E-15, 0.000000000000000000 ) ) ;
#2251 = VERTEX_POINT ( 'NONE', #2084 ) ;
#2252 = VERTEX_POINT ( 'NONE', #2299 ) ;
#2253 = VERTEX_POINT ( 'NONE', #2956 ) ;
#2254 = CIRCLE ( 'NONE', #948, 1.000000000000000222 ) ;
#2255 = ORIENTED_EDGE ( 'NONE', *, *, #3105, .F. ) ;
#2256 =( GEOMETRIC_REPRESENTATION_CONTEXT ( 3 ) GLOBAL_UNCERTAINTY_ASSIGNED_CONTEXT ( ( #3051 ) ) GLOBAL_UNIT_ASSIGNED_CONTEXT ( ( #2513, #156, #1806 ) ) REPRESENTATION_CONTEXT ( 'NONE', 'WORKASPACE' ) );
#2257 = DIRECTION ( 'NONE',  ( 0.000000000000000000, 6.829619984160655581E-17, -1.000000000000000000 ) ) ;
#2258 = ORIENTED_EDGE ( 'NONE', *, *, #898, .F. ) ;
#2259 = DIRECTION ( 'NONE',  ( 1.000000000000000000, 0.000000000000000000, 0.000000000000000000 ) ) ;
#2260 = ORIENTED_EDGE ( 'NONE', *, *, #206, .F. ) ;
#2261 = AXIS2_PLACEMENT_3D ( 'NONE', #723, #1989, #2188 ) ;
#2262 = LINE ( 'NONE', #730, #3442 ) ;
#2263 = ORIENTED_EDGE ( 'NONE', *, *, #3318, .F. ) ;
#2264 = CARTESIAN_POINT ( 'NONE',  ( -2.995780049730349059, 12.09999999999999964, -1.015000000000000568 ) ) ;
#2265 = ORIENTED_EDGE ( 'NONE', *, *, #1423, .T. ) ;
#2266 = CARTESIAN_POINT ( 'NONE',  ( 2.117499999999999716, 1.022580077288040499E-16, 0.4049999999999993605 ) ) ;
#2267 = CARTESIAN_POINT ( 'NONE',  ( -3.795780049730349326, 11.29999999999999893, -1.015000000000000568 ) ) ;
#2268 = CARTESIAN_POINT ( 'NONE',  ( -3.795780049730349326, 11.29999999999999893, -2.285000000000000142 ) ) ;
#2269 = FACE_OUTER_BOUND ( 'NONE', #3073, .T. ) ;
#2270 = ORIENTED_EDGE ( 'NONE', *, *, #240, .T. ) ;
#2271 = ORIENTED_EDGE ( 'NONE', *, *, #1650, .T. ) ;
#2272 = CARTESIAN_POINT ( 'NONE',  ( 0.4175000000000029243, -10.05000000000000071, 0.8099999999999993872 ) ) ;
#2273 = VECTOR ( 'NONE', #909, 1000.000000000000000 ) ;
#2274 = ORIENTED_EDGE ( 'NONE', *, *, #3306, .T. ) ;
#2275 = CARTESIAN_POINT ( 'NONE',  ( 3.852499999999998703, 0.000000000000000000, 0.8099999999999993872 ) ) ;
#2276 = EDGE_LOOP ( 'NONE', ( #33, #1142, #2246, #3357 ) ) ;
#2277 = PLANE ( 'NONE',  #220 ) ;
#2278 = EDGE_CURVE ( 'NONE', #272, #2744, #1318, .T. ) ;
#2279 = LINE ( 'NONE', #2905, #1125 ) ;
#2280 = ORIENTED_EDGE ( 'NONE', *, *, #1595, .T. ) ;
#2281 = CARTESIAN_POINT ( 'NONE',  ( 5.080000000000000071, 11.71637512643748913, 2.109373868681030384 ) ) ;
#2282 = ORIENTED_EDGE ( 'NONE', *, *, #3245, .F. ) ;
#2283 = EDGE_CURVE ( 'NONE', #375, #2416, #2440, .T. ) ;
#2284 = DIRECTION ( 'NONE',  ( -0.000000000000000000, -0.000000000000000000, -1.000000000000000000 ) ) ;
#2285 = CARTESIAN_POINT ( 'NONE',  ( -5.049999999999999822, 17.10000000000000142, -2.284999999999999698 ) ) ;
#2286 = ADVANCED_FACE ( 'NONE', ( #1284 ), #815, .F. ) ;
#2287 = VECTOR ( 'NONE', #971, 1000.000000000000000 ) ;
#2288 = EDGE_LOOP ( 'NONE', ( #1519, #1303, #907, #2043, #2691, #3174, #1413, #3167, #951, #339, #2642, #2456 ) ) ;
#2289 = DIRECTION ( 'NONE',  ( -1.000000000000000000, 0.000000000000000000, 0.000000000000000000 ) ) ;
#2290 = ORIENTED_EDGE ( 'NONE', *, *, #1641, .T. ) ;
#2291 = CARTESIAN_POINT ( 'NONE',  ( -0.4174999999999999267, 2.899727747165674163, 0.8099999999999994982 ) ) ;
#2292 = DIRECTION ( 'NONE',  ( -0.9990482215818581313, 0.04361938736532881139, 2.183225152835560942E-18 ) ) ;
#2293 = DIRECTION ( 'NONE',  ( 0.000000000000000000, 1.000000000000000000, 5.005171518229332485E-17 ) ) ;
#2294 = VECTOR ( 'NONE', #1901, 1000.000000000000000 ) ;
#2295 = ORIENTED_EDGE ( 'NONE', *, *, #1799, .F. ) ;
#2296 = ORIENTED_EDGE ( 'NONE', *, *, #1278, .F. ) ;
#2297 = ORIENTED_EDGE ( 'NONE', *, *, #957, .F. ) ;
#2298 = VECTOR ( 'NONE', #2595, 1000.000000000000000 ) ;
#2299 = CARTESIAN_POINT ( 'NONE',  ( 2.995780049730349059, 11.29999999999999893, -2.285000000000000142 ) ) ;
#2300 = FACE_OUTER_BOUND ( 'NONE', #393, .T. ) ;
#2301 = DIRECTION ( 'NONE',  ( 1.365923996832131116E-16, 1.000000000000000000, 0.000000000000000000 ) ) ;
#2302 = ORIENTED_EDGE ( 'NONE', *, *, #921, .T. ) ;
#2303 = AXIS2_PLACEMENT_3D ( 'NONE', #2770, #373, #2372 ) ;
#2304 = DIRECTION ( 'NONE',  ( 0.000000000000000000, 1.000000000000000000, 6.829619984160655581E-17 ) ) ;
#2305 = ORIENTED_EDGE ( 'NONE', *, *, #667, .T. ) ;
#2306 = ORIENTED_EDGE ( 'NONE', *, *, #2007, .T. ) ;
#2307 = CARTESIAN_POINT ( 'NONE',  ( 3.852499999999998703, 0.6499999999999999112, 0.4049999999999993605 ) ) ;
#2308 = LINE ( 'NONE', #1881, #3409 ) ;
#2309 = ORIENTED_EDGE ( 'NONE', *, *, #97, .T. ) ;
#2310 = DIRECTION ( 'NONE',  ( 0.000000000000000000, 0.000000000000000000, -1.000000000000000000 ) ) ;
#2311 = ORIENTED_EDGE ( 'NONE', *, *, #1595, .F. ) ;
#2312 = DIRECTION ( 'NONE',  ( 0.000000000000000000, 0.000000000000000000, -1.000000000000000000 ) ) ;
#2313 =( LENGTH_UNIT ( ) NAMED_UNIT ( * ) SI_UNIT ( .MILLI., .METRE. ) );
#2314 = FACE_OUTER_BOUND ( 'NONE', #1155, .T. ) ;
#2315 = LINE ( 'NONE', #1009, #1239 ) ;
#2316 = ORIENTED_EDGE ( 'NONE', *, *, #381, .T. ) ;
#2317 = ORIENTED_EDGE ( 'NONE', *, *, #3290, .F. ) ;
#2318 = PLANE ( 'NONE',  #2877 ) ;
#2319 = AXIS2_PLACEMENT_3D ( 'NONE', #3407, #1080, #1411 ) ;
#2320 = DIRECTION ( 'NONE',  ( -0.000000000000000000, -0.000000000000000000, -1.000000000000000000 ) ) ;
#2321 = ADVANCED_FACE ( 'NONE', ( #146 ), #2064, .F. ) ;
#2322 = DIRECTION ( 'NONE',  ( 0.000000000000000000, -0.000000000000000000, 1.000000000000000000 ) ) ;
#2323 = FACE_OUTER_BOUND ( 'NONE', #597, .T. ) ;
#2324 = ORIENTED_EDGE ( 'NONE', *, *, #2587, .F. ) ;
#2325 = ORIENTED_EDGE ( 'NONE', *, *, #3326, .T. ) ;
#2326 = ORIENTED_EDGE ( 'NONE', *, *, #3433, .T. ) ;
#2327 = CARTESIAN_POINT ( 'NONE',  ( -0.4174999999999999267, 0.000000000000000000, 0.8099999999999993872 ) ) ;
#2328 = VECTOR ( 'NONE', #2248, 1000.000000000000000 ) ;
#2329 = EDGE_CURVE ( 'NONE', #1991, #3046, #207, .T. ) ;
#2330 = VECTOR ( 'NONE', #1880, 1000.000000000000000 ) ;
#2331 = ORIENTED_EDGE ( 'NONE', *, *, #42, .T. ) ;
#2332 = ORIENTED_EDGE ( 'NONE', *, *, #1710, .T. ) ;
#2333 = EDGE_CURVE ( 'NONE', #1946, #1724, #2494, .T. ) ;
#2334 = DIRECTION ( 'NONE',  ( -1.000000000000000000, 2.921657363680126360E-15, 0.000000000000000000 ) ) ;
#2335 = LINE ( 'NONE', #343, #6 ) ;
#2336 = EDGE_CURVE ( 'NONE', #1426, #436, #2373, .T. ) ;
#2337 = FACE_OUTER_BOUND ( 'NONE', #1213, .T. ) ;
#2338 = ORIENTED_EDGE ( 'NONE', *, *, #3025, .F. ) ;
#2339 = VERTEX_POINT ( 'NONE', #2132 ) ;
#2340 = CARTESIAN_POINT ( 'NONE',  ( -3.795780049730349326, 11.29999999999999893, -1.015000000000000568 ) ) ;
#2341 = LINE ( 'NONE', #1625, #2294 ) ;
#2342 = VECTOR ( 'NONE', #2370, 1000.000000000000000 ) ;
#2343 = ORIENTED_EDGE ( 'NONE', *, *, #1870, .F. ) ;
#2344 = ORIENTED_EDGE ( 'NONE', *, *, #490, .T. ) ;
#2345 = VECTOR ( 'NONE', #1308, 1000.000000000000000 ) ;
#2346 = PRESENTATION_STYLE_ASSIGNMENT (( #805 ) ) ;
#2347 = ORIENTED_EDGE ( 'NONE', *, *, #3361, .T. ) ;
#2348 = VERTEX_POINT ( 'NONE', #2167 ) ;
#2349 = EDGE_CURVE ( 'NONE', #2744, #3394, #1368, .T. ) ;
#2350 = ADVANCED_FACE ( 'NONE', ( #188 ), #2752, .T. ) ;
#2351 = CARTESIAN_POINT ( 'NONE',  ( 2.117500000000002380, -10.05000000000000071, 0.8099999999999993872 ) ) ;
#2352 = STYLED_ITEM ( 'NONE', ( #828 ), #2761 ) ;
#2353 = VECTOR ( 'NONE', #2742, 1000.000000000000000 ) ;
#2354 = PLANE ( 'NONE',  #1528 ) ;
#2355 = ORIENTED_EDGE ( 'NONE', *, *, #1817, .T. ) ;
#2356 = EDGE_CURVE ( 'NONE', #2117, #759, #2463, .T. ) ;
#2357 = ORIENTED_EDGE ( 'NONE', *, *, #2534, .T. ) ;
#2358 = CARTESIAN_POINT ( 'NONE',  ( 5.075000000000001066, 18.45000000000000284, -2.284999999999999698 ) ) ;
#2359 = VECTOR ( 'NONE', #2163, 1000.000000000000000 ) ;
#2360 = PRODUCT_DEFINITION_FORMATION_WITH_SPECIFIED_SOURCE ( 'ANY', '', #1204, .NOT_KNOWN. ) ;
#2361 = PLANE ( 'NONE',  #2831 ) ;
#2362 = EDGE_LOOP ( 'NONE', ( #2890, #2866, #1750, #618 ) ) ;
#2363 = ORIENTED_EDGE ( 'NONE', *, *, #2410, .T. ) ;
#2364 = DIRECTION ( 'NONE',  ( -0.000000000000000000, 1.000000000000000000, -0.000000000000000000 ) ) ;
#2365 = VECTOR ( 'NONE', #2875, 1000.000000000000000 ) ;
#2366 = AXIS2_PLACEMENT_3D ( 'NONE', #3222, #222, #3202 ) ;
#2367 = VERTEX_POINT ( 'NONE', #1758 ) ;
#2368 = ORIENTED_EDGE ( 'NONE', *, *, #629, .F. ) ;
#2369 = ORIENTED_EDGE ( 'NONE', *, *, #1511, .T. ) ;
#2370 = DIRECTION ( 'NONE',  ( 1.000000000000000000, -0.000000000000000000, -0.000000000000000000 ) ) ;
#2371 = CARTESIAN_POINT ( 'NONE',  ( -2.995780049730349059, 12.09999999999999964, -2.285000000000000142 ) ) ;
#2372 = DIRECTION ( 'NONE',  ( 0.000000000000000000, -0.000000000000000000, 1.000000000000000000 ) ) ;
#2373 = LINE ( 'NONE', #989, #152 ) ;
#2374 = LINE ( 'NONE', #2941, #82 ) ;
#2375 = EDGE_LOOP ( 'NONE', ( #1174, #2363, #2332, #2428 ) ) ;
#2376 = ORIENTED_EDGE ( 'NONE', *, *, #1710, .F. ) ;
#2377 = ADVANCED_FACE ( 'NONE', ( #81 ), #2487, .F. ) ;
#2378 = EDGE_CURVE ( 'NONE', #918, #2222, #171, .T. ) ;
#2379 = DIRECTION ( 'NONE',  ( 0.000000000000000000, -0.9925461516413228713, 0.1218693434051406760 ) ) ;
#2380 = FACE_OUTER_BOUND ( 'NONE', #151, .T. ) ;
#2381 = CARTESIAN_POINT ( 'NONE',  ( -2.117499999999999272, 2.899727747165674163, 0.8099999999999994982 ) ) ;
#2382 = EDGE_CURVE ( 'NONE', #585, #2401, #180, .T. ) ;
#2383 = SURFACE_STYLE_FILL_AREA ( #2096 ) ;
#2384 = ORIENTED_EDGE ( 'NONE', *, *, #2356, .F. ) ;
#2385 = ORIENTED_EDGE ( 'NONE', *, *, #3063, .F. ) ;
#2386 = EDGE_CURVE ( 'NONE', #511, #374, #86, .T. ) ;
#2387 = ADVANCED_FACE ( 'NONE', ( #2488 ), #2206, .F. ) ;
#2388 = DIRECTION ( 'NONE',  ( 1.000000000000000000, 0.000000000000000000, 0.000000000000000000 ) ) ;
#2389 = VECTOR ( 'NONE', #2602, 1000.000000000000000 ) ;
#2390 = VECTOR ( 'NONE', #1617, 1000.000000000000000 ) ;
#2391 = DIRECTION ( 'NONE',  ( -0.000000000000000000, -1.000000000000000000, -0.000000000000000000 ) ) ;
#2392 = EDGE_LOOP ( 'NONE', ( #110, #1257, #1097, #2385 ) ) ;
#2393 = ORIENTED_EDGE ( 'NONE', *, *, #2815, .T. ) ;
#2394 = CARTESIAN_POINT ( 'NONE',  ( -0.4174999999999999267, 0.000000000000000000, 0.8099999999999993872 ) ) ;
#2395 = PRODUCT_CONTEXT ( 'NONE', #926, 'mechanical' ) ;
#2396 = DIRECTION ( 'NONE',  ( -1.971276677246371519E-16, 1.000000000000000000, -0.000000000000000000 ) ) ;
#2397 = VECTOR ( 'NONE', #1384, 1000.000000000000114 ) ;
#2398 = VERTEX_POINT ( 'NONE', #2798 ) ;
#2399 = LINE ( 'NONE', #2697, #13 ) ;
#2400 = VERTEX_POINT ( 'NONE', #1145 ) ;
#2401 = VERTEX_POINT ( 'NONE', #405 ) ;
#2402 = DIRECTION ( 'NONE',  ( 0.000000000000000000, 5.005171518229332485E-17, -1.000000000000000000 ) ) ;
#2403 = PLANE ( 'NONE',  #2042 ) ;
#2404 = AXIS2_PLACEMENT_3D ( 'NONE', #1497, #3311, #164 ) ;
#2405 = CARTESIAN_POINT ( 'NONE',  ( 1.282499999999999307, 0.000000000000000000, 0.8099999999999993872 ) ) ;
#2406 = VECTOR ( 'NONE', #477, 1000.000000000000000 ) ;
#2407 = LINE ( 'NONE', #242, #3022 ) ;
#2408 = LINE ( 'NONE', #2394, #1210 ) ;
#2409 = ORIENTED_EDGE ( 'NONE', *, *, #2609, .F. ) ;
#2410 = EDGE_CURVE ( 'NONE', #838, #290, #1312, .T. ) ;
#2411 = AXIS2_PLACEMENT_3D ( 'NONE', #2074, #70, #680 ) ;
#2412 = EDGE_LOOP ( 'NONE', ( #115, #105, #119, #2290 ) ) ;
#2413 = VECTOR ( 'NONE', #1558, 1000.000000000000000 ) ;
#2414 = PLANE ( 'NONE',  #2070 ) ;
#2415 = COLOUR_RGB ( '',0.7921568627450980005, 0.8196078431372548767, 0.9333333333333333481 ) ;
#2416 = VERTEX_POINT ( 'NONE', #631 ) ;
#2417 = ORIENTED_EDGE ( 'NONE', *, *, #174, .T. ) ;
#2418 = CARTESIAN_POINT ( 'NONE',  ( -0.4524999999999997913, 0.000000000000000000, 0.8099999999999993872 ) ) ;
#2419 = VECTOR ( 'NONE', #1872, 1000.000000000000227 ) ;
#2420 = VERTEX_POINT ( 'NONE', #3287 ) ;
#2421 = DIRECTION ( 'NONE',  ( 0.000000000000000000, 1.000000000000000000, 0.000000000000000000 ) ) ;
#2422 = VERTEX_POINT ( 'NONE', #2184 ) ;
#2423 = ORIENTED_EDGE ( 'NONE', *, *, #328, .T. ) ;
#2424 = DIRECTION ( 'NONE',  ( 1.000000000000000000, -0.000000000000000000, -0.000000000000000000 ) ) ;
#2425 = AXIS2_PLACEMENT_3D ( 'NONE', #3281, #3216, #422 ) ;
#2426 = LINE ( 'NONE', #524, #2419 ) ;
#2427 = EDGE_LOOP ( 'NONE', ( #83, #2921, #602, #1810 ) ) ;
#2428 = ORIENTED_EDGE ( 'NONE', *, *, #1515, .F. ) ;
#2429 = ORIENTED_EDGE ( 'NONE', *, *, #1071, .F. ) ;
#2430 = CARTESIAN_POINT ( 'NONE',  ( -2.995780049730349059, 11.29999999999999893, -2.285000000000000142 ) ) ;
#2431 = PLANE ( 'NONE',  #976 ) ;
#2432 = PLANE ( 'NONE',  #2303 ) ;
#2433 = LINE ( 'NONE', #2654, #73 ) ;
#2434 = EDGE_CURVE ( 'NONE', #922, #1165, #1250, .T. ) ;
#2435 = VECTOR ( 'NONE', #2664, 1000.000000000000000 ) ;
#2436 = ORIENTED_EDGE ( 'NONE', *, *, #49, .F. ) ;
#2437 = EDGE_LOOP ( 'NONE', ( #1295, #1339, #1112, #1320 ) ) ;
#2438 = EDGE_CURVE ( 'NONE', #659, #1540, #200, .T. ) ;
#2439 = CARTESIAN_POINT ( 'NONE',  ( 3.795780049730349326, 11.29999999999999893, -2.285000000000000142 ) ) ;
#2440 = LINE ( 'NONE', #835, #124 ) ;
#2441 = DIRECTION ( 'NONE',  ( -2.589139516383294311E-16, 1.000000000000000000, -0.000000000000000000 ) ) ;
#2442 = EDGE_CURVE ( 'NONE', #47, #455, #1378, .T. ) ;
#2443 = ORIENTED_EDGE ( 'NONE', *, *, #1302, .T. ) ;
#2444 = EDGE_LOOP ( 'NONE', ( #2519, #2496, #142, #3353, #120, #2274, #2491, #2447, #1167, #134, #1288, #2509, #2324, #1279, #1220, #44 ) ) ;
#2445 = DIRECTION ( 'NONE',  ( 1.000000000000000000, -0.000000000000000000, -0.000000000000000000 ) ) ;
#2446 = VECTOR ( 'NONE', #1885, 1000.000000000000000 ) ;
#2447 = ORIENTED_EDGE ( 'NONE', *, *, #328, .F. ) ;
#2448 = DIRECTION ( 'NONE',  ( 0.000000000000000000, 5.005171518229332485E-17, -1.000000000000000000 ) ) ;
#2449 = ORIENTED_EDGE ( 'NONE', *, *, #1976, .T. ) ;
#2450 = ORIENTED_EDGE ( 'NONE', *, *, #2434, .T. ) ;
#2451 = ADVANCED_FACE ( 'NONE', ( #1436 ), #1096, .F. ) ;
#2452 = CARTESIAN_POINT ( 'NONE',  ( -3.817499999999998561, 0.6499999999999999112, 0.8099999999999993872 ) ) ;
#2453 = VECTOR ( 'NONE', #501, 1000.000000000000000 ) ;
#2454 = VECTOR ( 'NONE', #2127, 1000.000000000000000 ) ;
#2455 = ORIENTED_EDGE ( 'NONE', *, *, #1972, .T. ) ;
#2456 = ORIENTED_EDGE ( 'NONE', *, *, #2614, .T. ) ;
#2457 = DIRECTION ( 'NONE',  ( 0.000000000000000000, -0.000000000000000000, -1.000000000000000000 ) ) ;
#2458 = SURFACE_SIDE_STYLE ('',( #1862 ) ) ;
#2459 = VECTOR ( 'NONE', #2119, 1000.000000000000000 ) ;
#2460 = ORIENTED_EDGE ( 'NONE', *, *, #2333, .T. ) ;
#2461 = CLOSED_SHELL ( 'NONE', ( #72, #1059, #292, #1602, #2981, #2451, #3103, #108, #1777, #3314, #2128, #876, #2036, #2154 ) ) ;
#2462 = CARTESIAN_POINT ( 'NONE',  ( 5.080000000000000071, 2.850000000000000089, 0.4049999999999997491 ) ) ;
#2463 = LINE ( 'NONE', #1073, #218 ) ;
#2464 = CARTESIAN_POINT ( 'NONE',  ( -1.247499999999998943, 0.000000000000000000, 0.8099999999999993872 ) ) ;
#2465 = AXIS2_PLACEMENT_3D ( 'NONE', #2159, #3227, #2448 ) ;
#2466 = ORIENTED_EDGE ( 'NONE', *, *, #1502, .T. ) ;
#2467 = ORIENTED_EDGE ( 'NONE', *, *, #2192, .T. ) ;
#2468 = DIRECTION ( 'NONE',  ( 0.000000000000000000, 0.000000000000000000, 1.000000000000000000 ) ) ;
#2469 = VECTOR ( 'NONE', #3055, 1000.000000000000000 ) ;
#2470 = LINE ( 'NONE', #1936, #189 ) ;
#2471 = ORIENTED_EDGE ( 'NONE', *, *, #113, .T. ) ;
#2472 = ORIENTED_EDGE ( 'NONE', *, *, #2481, .F. ) ;
#2473 = CARTESIAN_POINT ( 'NONE',  ( -3.852499999999998259, 0.000000000000000000, 0.4049999999999993605 ) ) ;
#2474 = VECTOR ( 'NONE', #896, 1000.000000000000227 ) ;
#2475 = EDGE_CURVE ( 'NONE', #1715, #1553, #2582, .T. ) ;
#2476 = FACE_OUTER_BOUND ( 'NONE', #3220, .T. ) ;
#2477 = ORIENTED_EDGE ( 'NONE', *, *, #987, .T. ) ;
#2478 = ORIENTED_EDGE ( 'NONE', *, *, #1126, .T. ) ;
#2479 = CARTESIAN_POINT ( 'NONE',  ( 4.880469490908099672, 11.62397374880349687, 2.284999999999999698 ) ) ;
#2480 = ADVANCED_FACE ( 'NONE', ( #2512 ), #913, .T. ) ;
#2481 = EDGE_CURVE ( 'NONE', #2838, #2485, #2612, .T. ) ;
#2482 = DIRECTION ( 'NONE',  ( 0.000000000000000000, 0.000000000000000000, 1.000000000000000000 ) ) ;
#2483 = VECTOR ( 'NONE', #2511, 1000.000000000000000 ) ;
#2484 = VECTOR ( 'NONE', #889, 1000.000000000000000 ) ;
#2485 = VERTEX_POINT ( 'NONE', #992 ) ;
#2486 = ORIENTED_EDGE ( 'NONE', *, *, #3105, .T. ) ;
#2487 = PLANE ( 'NONE',  #519 ) ;
#2488 = FACE_OUTER_BOUND ( 'NONE', #2362, .T. ) ;
#2489 = DIRECTION ( 'NONE',  ( -1.365923996832131116E-16, 1.000000000000000000, 6.829619984160655581E-17 ) ) ;
#2490 = SURFACE_STYLE_FILL_AREA ( #3079 ) ;
#2491 = ORIENTED_EDGE ( 'NONE', *, *, #667, .F. ) ;
#2492 = DIRECTION ( 'NONE',  ( 0.04361938736532880445, -0.9990482215818580203, 0.000000000000000000 ) ) ;
#2493 = CARTESIAN_POINT ( 'NONE',  ( -0.4174999999999999267, -10.05000000000000071, 0.4049999999999993605 ) ) ;
#2494 = LINE ( 'NONE', #1343, #2446 ) ;
#2495 = FACE_OUTER_BOUND ( 'NONE', #1492, .T. ) ;
#2496 = ORIENTED_EDGE ( 'NONE', *, *, #1530, .T. ) ;
#2497 = PRESENTATION_LAYER_ASSIGNMENT (  '', '', ( #1055 ) ) ;
#2498 = DIRECTION ( 'NONE',  ( 0.000000000000000000, -0.000000000000000000, -1.000000000000000000 ) ) ;
#2499 = STYLED_ITEM ( 'NONE', ( #3004 ), #641 ) ;
#2500 = VECTOR ( 'NONE', #1228, 1000.000000000000000 ) ;
#2501 = LINE ( 'NONE', #341, #202 ) ;
#2502 = VERTEX_POINT ( 'NONE', #820 ) ;
#2503 = SURFACE_STYLE_USAGE ( .BOTH. , #1442 ) ;
#2504 = PLANE ( 'NONE',  #2078 ) ;
#2505 = DIRECTION ( 'NONE',  ( -0.000000000000000000, 5.005171518229332485E-17, -1.000000000000000000 ) ) ;
#2506 = DIRECTION ( 'NONE',  ( -0.000000000000000000, -0.000000000000000000, -1.000000000000000000 ) ) ;
#2507 = VECTOR ( 'NONE', #3061, 1000.000000000000000 ) ;
#2508 = ADVANCED_FACE ( 'NONE', ( #1374 ), #3127, .F. ) ;
#2509 = ORIENTED_EDGE ( 'NONE', *, *, #97, .F. ) ;
#2510 = AXIS2_PLACEMENT_3D ( 'NONE', #930, #1923, #1962 ) ;
#2511 = DIRECTION ( 'NONE',  ( -0.000000000000000000, -0.000000000000000000, -1.000000000000000000 ) ) ;
#2512 = FACE_OUTER_BOUND ( 'NONE', #546, .T. ) ;
#2513 =( LENGTH_UNIT ( ) NAMED_UNIT ( * ) SI_UNIT ( .MILLI., .METRE. ) );
#2514 = ORIENTED_EDGE ( 'NONE', *, *, #3040, .F. ) ;
#2515 = CARTESIAN_POINT ( 'NONE',  ( 2.995780049730349059, 11.29999999999999893, -2.285000000000000142 ) ) ;
#2516 = DIRECTION ( 'NONE',  ( 0.000000000000000000, 0.000000000000000000, 1.000000000000000000 ) ) ;
#2517 = LINE ( 'NONE', #865, #1469 ) ;
#2518 = CARTESIAN_POINT ( 'NONE',  ( -2.152499999999998970, 0.000000000000000000, 0.8099999999999993872 ) ) ;
#2519 = ORIENTED_EDGE ( 'NONE', *, *, #1449, .F. ) ;
#2520 = EDGE_CURVE ( 'NONE', #1501, #2051, #2592, .T. ) ;
#2521 = CARTESIAN_POINT ( 'NONE',  ( 1.247499999999999387, 0.6499999999999999112, 0.8099999999999993872 ) ) ;
#2522 = EDGE_CURVE ( 'NONE', #2727, #531, #265, .T. ) ;
#2523 = ORIENTED_EDGE ( 'NONE', *, *, #2951, .T. ) ;
#2524 = CARTESIAN_POINT ( 'NONE',  ( -5.049999999999999822, 18.45000000000000284, -1.015000000000000124 ) ) ;
#2525 = DIRECTION ( 'NONE',  ( 0.000000000000000000, 0.000000000000000000, 1.000000000000000000 ) ) ;
#2526 = CARTESIAN_POINT ( 'NONE',  ( -3.852499999999998259, 0.6499999999999999112, 0.4049999999999993605 ) ) ;
#2527 = DIRECTION ( 'NONE',  ( 1.000000000000000000, 0.000000000000000000, 0.000000000000000000 ) ) ;
#2528 = ORIENTED_EDGE ( 'NONE', *, *, #1691, .T. ) ;
#2529 = DIRECTION ( 'NONE',  ( 1.000000000000000000, 0.000000000000000000, 0.000000000000000000 ) ) ;
#2530 = ADVANCED_FACE ( 'NONE', ( #1392 ), #3170, .F. ) ;
#2531 = VERTEX_POINT ( 'NONE', #228 ) ;
#2532 = CARTESIAN_POINT ( 'NONE',  ( -1.000000000000000222, 9.600000000000001421, 2.184999999999998721 ) ) ;
#2533 = ADVANCED_FACE ( 'NONE', ( #1476 ), #1007, .F. ) ;
#2534 = EDGE_CURVE ( 'NONE', #354, #1716, #1416, .T. ) ;
#2535 = DIRECTION ( 'NONE',  ( 0.000000000000000000, 0.000000000000000000, 1.000000000000000000 ) ) ;
#2536 = AXIS2_PLACEMENT_3D ( 'NONE', #3412, #2585, #212 ) ;
#2537 = CARTESIAN_POINT ( 'NONE',  ( 5.080000000000000071, 12.09999999999999964, -2.285000000000000142 ) ) ;
#2538 = CARTESIAN_POINT ( 'NONE',  ( 3.817499999999999005, 1.022580077288040499E-16, 0.4049999999999993605 ) ) ;
#2539 = ORIENTED_EDGE ( 'NONE', *, *, #198, .T. ) ;
#2540 = EDGE_CURVE ( 'NONE', #3046, #1144, #321, .T. ) ;
#2541 = DIRECTION ( 'NONE',  ( 1.000000000000000000, -0.000000000000000000, -0.000000000000000000 ) ) ;
#2542 = FACE_OUTER_BOUND ( 'NONE', #3288, .T. ) ;
#2543 = VERTEX_POINT ( 'NONE', #1639 ) ;
#2544 = DIRECTION ( 'NONE',  ( 0.04361938736532880445, 0.9990482215818580203, -0.000000000000000000 ) ) ;
#2545 = CARTESIAN_POINT ( 'NONE',  ( 2.117499999999999272, 2.850000000000000089, 0.8099999999999993872 ) ) ;
#2546 = LINE ( 'NONE', #988, #2619 ) ;
#2547 = ADVANCED_BREP_SHAPE_REPRESENTATION ( 'POD_TO-220-5L_TFME_rev_A', ( #2992, #641, #478, #329, #1614, #9, #2761, #841 ), #3271 ) ;
#2548 = DIRECTION ( 'NONE',  ( 1.000000000000000000, -0.000000000000000000, -0.000000000000000000 ) ) ;
#2549 = VECTOR ( 'NONE', #2124, 1000.000000000000000 ) ;
#2550 = CARTESIAN_POINT ( 'NONE',  ( 0.000000000000000000, 17.53000000000000114, -1.015000000000000124 ) ) ;
#2551 = ORIENTED_EDGE ( 'NONE', *, *, #1686, .F. ) ;
#2552 = FACE_OUTER_BOUND ( 'NONE', #2276, .T. ) ;
#2553 = PLANE ( 'NONE',  #2101 ) ;
#2554 = FACE_OUTER_BOUND ( 'NONE', #2427, .T. ) ;
#2555 = LINE ( 'NONE', #2158, #279 ) ;
#2556 = DIRECTION ( 'NONE',  ( 0.000000000000000000, 1.000000000000000000, 6.829619984160655581E-17 ) ) ;
#2557 = VERTEX_POINT ( 'NONE', #3007 ) ;
#2558 = LINE ( 'NONE', #2545, #1439 ) ;
#2559 = VECTOR ( 'NONE', #779, 1000.000000000000000 ) ;
#2560 = CARTESIAN_POINT ( 'NONE',  ( -4.880469490908099672, 3.080834974497448364, 2.284999999999998810 ) ) ;
#2561 = LINE ( 'NONE', #3255, #2549 ) ;
#2562 = DIRECTION ( 'NONE',  ( -2.589139516383294311E-16, 1.000000000000000000, -0.000000000000000000 ) ) ;
#2563 = EDGE_CURVE ( 'NONE', #3046, #2339, #1424, .T. ) ;
#2564 = ORIENTED_EDGE ( 'NONE', *, *, #2189, .T. ) ;
#2565 = LINE ( 'NONE', #3301, #2586 ) ;
#2566 = ADVANCED_FACE ( 'NONE', ( #1486 ), #3432, .F. ) ;
#2567 = DIRECTION ( 'NONE',  ( 1.000000000000000000, 0.000000000000000000, 0.000000000000000000 ) ) ;
#2568 = LINE ( 'NONE', #16, #299 ) ;
#2569 = EDGE_CURVE ( 'NONE', #2786, #560, #223, .T. ) ;
#2570 = VERTEX_POINT ( 'NONE', #1893 ) ;
#2571 = LINE ( 'NONE', #1199, #282 ) ;
#2572 = DIRECTION ( 'NONE',  ( 0.000000000000000000, 0.000000000000000000, -1.000000000000000000 ) ) ;
#2573 = CARTESIAN_POINT ( 'NONE',  ( 3.852499999999998703, 0.000000000000000000, 0.8099999999999993872 ) ) ;
#2574 = CARTESIAN_POINT ( 'NONE',  ( 2.995780049730349059, 12.09999999999999964, -2.285000000000000142 ) ) ;
#2575 = VECTOR ( 'NONE', #2071, 1000.000000000000227 ) ;
#2576 = VECTOR ( 'NONE', #183, 1000.000000000000000 ) ;
#2577 = EDGE_LOOP ( 'NONE', ( #1190, #2551, #2270, #62 ) ) ;
#2578 = FACE_OUTER_BOUND ( 'NONE', #2717, .T. ) ;
#2579 = DIRECTION ( 'NONE',  ( -1.000000000000000000, 0.000000000000000000, 0.000000000000000000 ) ) ;
#2580 = FACE_OUTER_BOUND ( 'NONE', #2959, .T. ) ;
#2581 = MECHANICAL_DESIGN_GEOMETRIC_PRESENTATION_REPRESENTATION (  '', ( #3273 ), #605 ) ;
#2582 = LINE ( 'NONE', #720, #1462 ) ;
#2583 = CARTESIAN_POINT ( 'NONE',  ( -3.795780049730349326, 11.29999999999999893, -1.015000000000000568 ) ) ;
#2584 = ORIENTED_EDGE ( 'NONE', *, *, #2333, .F. ) ;
#2585 = DIRECTION ( 'NONE',  ( 0.000000000000000000, 0.000000000000000000, 1.000000000000000000 ) ) ;
#2586 = VECTOR ( 'NONE', #203, 1000.000000000000000 ) ;
#2587 = EDGE_CURVE ( 'NONE', #1398, #3330, #2555, .T. ) ;
#2588 = AXIS2_PLACEMENT_3D ( 'NONE', #975, #3321, #1534 ) ;
#2589 = VECTOR ( 'NONE', #2396, 1000.000000000000000 ) ;
#2590 = VECTOR ( 'NONE', #1830, 1000.000000000000000 ) ;
#2591 = CARTESIAN_POINT ( 'NONE',  ( -2.152499999999998970, 0.000000000000000000, 0.8099999999999993872 ) ) ;
#2592 = LINE ( 'NONE', #1265, #2576 ) ;
#2593 = UNCERTAINTY_MEASURE_WITH_UNIT (LENGTH_MEASURE( 1.000000000000000082E-05 ), #512, 'distance_accuracy_value', 'NONE');
#2594 = CARTESIAN_POINT ( 'NONE',  ( -2.982500000000000373, 2.850000000000000089, 0.8099999999999993872 ) ) ;
#2595 = DIRECTION ( 'NONE',  ( -0.000000000000000000, -0.000000000000000000, -1.000000000000000000 ) ) ;
#2596 = VERTEX_POINT ( 'NONE', #1685 ) ;
#2597 = LINE ( 'NONE', #3426, #2600 ) ;
#2598 = LINE ( 'NONE', #2157, #365 ) ;
#2599 = EDGE_LOOP ( 'NONE', ( #3337, #1212, #2311, #141 ) ) ;
#2600 = VECTOR ( 'NONE', #1631, 1000.000000000000000 ) ;
#2601 = ADVANCED_FACE ( 'NONE', ( #2627 ), #637, .F. ) ;
#2602 = DIRECTION ( 'NONE',  ( -0.000000000000000000, 1.000000000000000000, -0.000000000000000000 ) ) ;
#2603 = CARTESIAN_POINT ( 'NONE',  ( 3.817499999999999005, 1.022580077288040499E-16, 0.8099999999999993872 ) ) ;
#2604 = VECTOR ( 'NONE', #3364, 1000.000000000000000 ) ;
#2605 = VECTOR ( 'NONE', #2146, 1000.000000000000000 ) ;
#2606 = CARTESIAN_POINT ( 'NONE',  ( 3.795780049730349326, 11.29999999999999893, -2.285000000000000142 ) ) ;
#2607 = EDGE_LOOP ( 'NONE', ( #577, #621, #2854, #630 ) ) ;
#2608 = CARTESIAN_POINT ( 'NONE',  ( -5.080000000000000071, 12.09999999999999964, -2.285000000000000142 ) ) ;
#2609 = EDGE_CURVE ( 'NONE', #576, #3236, #2561, .T. ) ;
#2610 = LINE ( 'NONE', #508, #1415 ) ;
#2611 = DIRECTION ( 'NONE',  ( -0.000000000000000000, -0.000000000000000000, -1.000000000000000000 ) ) ;
#2612 = LINE ( 'NONE', #2774, #314 ) ;
#2613 = CARTESIAN_POINT ( 'NONE',  ( 2.947499999999998899, 0.000000000000000000, 0.8099999999999993872 ) ) ;
#2614 = EDGE_CURVE ( 'NONE', #2161, #1133, #2517, .T. ) ;
#2615 = PLANE ( 'NONE',  #1386 ) ;
#2616 = ORIENTED_EDGE ( 'NONE', *, *, #2278, .F. ) ;
#2617 = DIRECTION ( 'NONE',  ( 0.000000000000000000, 0.000000000000000000, 1.000000000000000000 ) ) ;
#2618 = VECTOR ( 'NONE', #1798, 1000.000000000000000 ) ;
#2619 = VECTOR ( 'NONE', #1254, 1000.000000000000000 ) ;
#2620 = DIRECTION ( 'NONE',  ( -0.04361938736532880445, 0.9990482215818580203, 0.000000000000000000 ) ) ;
#2621 = FACE_OUTER_BOUND ( 'NONE', #1479, .T. ) ;
#2622 = CARTESIAN_POINT ( 'NONE',  ( 5.049999999999998934, 12.09999999999999964, -1.015000000000000568 ) ) ;
#2623 = DIRECTION ( 'NONE',  ( 1.000000000000000000, -2.921657363680125966E-15, 0.000000000000000000 ) ) ;
#2624 = ORIENTED_EDGE ( 'NONE', *, *, #751, .T. ) ;
#2625 = VECTOR ( 'NONE', #2424, 1000.000000000000000 ) ;
#2626 = FACE_OUTER_BOUND ( 'NONE', #2412, .T. ) ;
#2627 = FACE_OUTER_BOUND ( 'NONE', #2288, .T. ) ;
#2628 = ORIENTED_EDGE ( 'NONE', *, *, #862, .F. ) ;
#2629 = VECTOR ( 'NONE', #27, 1000.000000000000000 ) ;
#2630 = CARTESIAN_POINT ( 'NONE',  ( -4.962552063576096018, 2.850000000000000533, 0.4050000000000000822 ) ) ;
#2631 = DIRECTION ( 'NONE',  ( -1.000000000000000000, 2.921657363680126360E-15, 0.000000000000000000 ) ) ;
#2632 = LINE ( 'NONE', #2358, #2677 ) ;
#2633 = CARTESIAN_POINT ( 'NONE',  ( -1.282499999999998863, 0.6499999999999999112, 0.8099999999999993872 ) ) ;
#2634 = ORIENTED_EDGE ( 'NONE', *, *, #2102, .T. ) ;
#2635 = ORIENTED_EDGE ( 'NONE', *, *, #3391, .T. ) ;
#2636 = ADVANCED_FACE ( 'NONE', ( #2621 ), #2361, .F. ) ;
#2637 =( GEOMETRIC_REPRESENTATION_CONTEXT ( 3 ) GLOBAL_UNCERTAINTY_ASSIGNED_CONTEXT ( ( #2593 ) ) GLOBAL_UNIT_ASSIGNED_CONTEXT ( ( #512, #846, #1837 ) ) REPRESENTATION_CONTEXT ( 'NONE', 'WORKASPACE' ) );
#2638 = DIRECTION ( 'NONE',  ( 0.000000000000000000, 0.000000000000000000, 1.000000000000000000 ) ) ;
#2639 = VECTOR ( 'NONE', #3145, 1000.000000000000000 ) ;
#2640 = CARTESIAN_POINT ( 'NONE',  ( -1.282499999999998863, 1.022580077288040499E-16, 0.8099999999999993872 ) ) ;
#2641 = AXIS2_PLACEMENT_3D ( 'NONE', #1509, #1801, #205 ) ;
#2642 = ORIENTED_EDGE ( 'NONE', *, *, #3322, .T. ) ;
#2643 = CARTESIAN_POINT ( 'NONE',  ( -2.117499999999999272, 0.6499999999999998002, 0.8099999999999993872 ) ) ;
#2644 = ORIENTED_EDGE ( 'NONE', *, *, #1900, .F. ) ;
#2645 = LINE ( 'NONE', #350, #1459 ) ;
#2646 = CARTESIAN_POINT ( 'NONE',  ( -4.883539256459081379, 11.70344383209950578, 2.214690809531653315 ) ) ;
#2647 = ORIENTED_EDGE ( 'NONE', *, *, #3114, .T. ) ;
#2648 = ORIENTED_EDGE ( 'NONE', *, *, #1221, .F. ) ;
#2649 = CARTESIAN_POINT ( 'NONE',  ( -2.982499999999999929, 0.000000000000000000, 0.4049999999999993605 ) ) ;
#2650 = LINE ( 'NONE', #3348, #2589 ) ;
#2651 = LINE ( 'NONE', #1371, #1466 ) ;
#2652 = ORIENTED_EDGE ( 'NONE', *, *, #2278, .T. ) ;
#2653 = ORIENTED_EDGE ( 'NONE', *, *, #2336, .F. ) ;
#2654 = CARTESIAN_POINT ( 'NONE',  ( 2.995780049730349059, 11.29999999999999893, -2.285000000000000142 ) ) ;
#2655 = LINE ( 'NONE', #3071, #418 ) ;
#2656 = LINE ( 'NONE', #1636, #1503 ) ;
#2657 = EDGE_CURVE ( 'NONE', #1744, #2933, #1658, .T. ) ;
#2658 = ORIENTED_EDGE ( 'NONE', *, *, #2160, .F. ) ;
#2659 = VERTEX_POINT ( 'NONE', #991 ) ;
#2660 = DIRECTION ( 'NONE',  ( -1.000000000000000000, -2.589139516383294311E-16, 0.000000000000000000 ) ) ;
#2661 = CYLINDRICAL_SURFACE ( 'NONE', #3041, 1.000000000000000222 ) ;
#2662 = VECTOR ( 'NONE', #77, 1000.000000000000000 ) ;
#2663 = EDGE_CURVE ( 'NONE', #770, #3059, #1753, .T. ) ;
#2664 = DIRECTION ( 'NONE',  ( -1.000000000000000000, -0.000000000000000000, -0.000000000000000000 ) ) ;
#2665 = VERTEX_POINT ( 'NONE', #2550 ) ;
#2666 = CARTESIAN_POINT ( 'NONE',  ( 1.282499999999999307, 0.6499999999999998002, 0.8099999999999993872 ) ) ;
#2667 = ORIENTED_EDGE ( 'NONE', *, *, #2386, .T. ) ;
#2668 = ADVANCED_FACE ( 'NONE', ( #598 ), #1201, .F. ) ;
#2669 = LINE ( 'NONE', #848, #1440 ) ;
#2670 = VECTOR ( 'NONE', #675, 1000.000000000000000 ) ;
#2671 = CARTESIAN_POINT ( 'NONE',  ( 5.075000000000001066, 18.45000000000000284, -2.284999999999999698 ) ) ;
#2672 = CARTESIAN_POINT ( 'NONE',  ( -0.4174999999999999267, 0.6499999999999998002, 0.8099999999999993872 ) ) ;
#2673 = CARTESIAN_POINT ( 'NONE',  ( 0.000000000000000000, 9.600000000000001421, 2.284999999999998366 ) ) ;
#2674 = ORIENTED_EDGE ( 'NONE', *, *, #1618, .T. ) ;
#2675 = ORIENTED_EDGE ( 'NONE', *, *, #2329, .F. ) ;
#2676 = VECTOR ( 'NONE', #3279, 1000.000000000000000 ) ;
#2677 = VECTOR ( 'NONE', #3383, 1000.000000000000000 ) ;
#2678 = EDGE_LOOP ( 'NONE', ( #3436, #15, #1281, #2317 ) ) ;
#2679 = ORIENTED_EDGE ( 'NONE', *, *, #1851, .T. ) ;
#2680 = AXIS2_PLACEMENT_3D ( 'NONE', #673, #3235, #3 ) ;
#2681 = VECTOR ( 'NONE', #596, 1000.000000000000000 ) ;
#2682 = FILL_AREA_STYLE_COLOUR ( '', #1898 ) ;
#2683 = LINE ( 'NONE', #1243, #498 ) ;
#2684 = ORIENTED_EDGE ( 'NONE', *, *, #486, .T. ) ;
#2685 = VERTEX_POINT ( 'NONE', #427 ) ;
#2686 = PLANE ( 'NONE',  #14 ) ;
#2687 = VECTOR ( 'NONE', #2762, 1000.000000000000000 ) ;
#2688 = LINE ( 'NONE', #1742, #502 ) ;
#2689 = ADVANCED_FACE ( 'NONE', ( #2874 ), #717, .T. ) ;
#2690 = DIRECTION ( 'NONE',  ( 0.000000000000000000, 1.000000000000000000, 0.000000000000000000 ) ) ;
#2691 = ORIENTED_EDGE ( 'NONE', *, *, #1372, .F. ) ;
#2692 = APPLICATION_PROTOCOL_DEFINITION ( 'draft international standard', 'automotive_design', 1998, #664 ) ;
#2693 = DIRECTION ( 'NONE',  ( -0.04329486679326730036, 0.1217550711101368088, -0.9916154784836300751 ) ) ;
#2694 = EDGE_LOOP ( 'NONE', ( #2539, #2429, #1402, #1049, #2477, #168, #2467, #2450, #1315, #2109, #1348, #2564, #2471, #1081, #2255, #1311 ) ) ;
#2695 = LINE ( 'NONE', #3177, #424 ) ;
#2696 = AXIS2_PLACEMENT_3D ( 'NONE', #2640, #1591, #458 ) ;
#2697 = CARTESIAN_POINT ( 'NONE',  ( 5.049999999999998934, 12.09999999999999964, -1.015000000000000568 ) ) ;
#2698 = EDGE_LOOP ( 'NONE', ( #2081, #1370, #2026, #2091 ) ) ;
#2699 = ORIENTED_EDGE ( 'NONE', *, *, #2540, .F. ) ;
#2700 = EDGE_CURVE ( 'NONE', #127, #813, #607, .T. ) ;
#2701 = FACE_OUTER_BOUND ( 'NONE', #1831, .T. ) ;
#2702 = PRESENTATION_STYLE_ASSIGNMENT (( #2503 ) ) ;
#2703 = EDGE_CURVE ( 'NONE', #1709, #2914, #1746, .T. ) ;
#2704 = ORIENTED_EDGE ( 'NONE', *, *, #2116, .T. ) ;
#2705 = ORIENTED_EDGE ( 'NONE', *, *, #3316, .F. ) ;
#2706 = CARTESIAN_POINT ( 'NONE',  ( 3.795780049730349326, 11.29999999999999893, -1.015000000000000568 ) ) ;
#2707 = CARTESIAN_POINT ( 'NONE',  ( -4.880469490908099672, 12.09999999999999964, 2.284999999999999698 ) ) ;
#2708 = VECTOR ( 'NONE', #2289, 1000.000000000000000 ) ;
#2709 = EDGE_CURVE ( 'NONE', #1553, #394, #2772, .T. ) ;
#2710 = VERTEX_POINT ( 'NONE', #177 ) ;
#2711 = ORIENTED_EDGE ( 'NONE', *, *, #1645, .T. ) ;
#2712 = EDGE_CURVE ( 'NONE', #456, #3090, #504, .T. ) ;
#2713 = CARTESIAN_POINT ( 'NONE',  ( -1.247499999999998943, 0.6499999999999999112, 0.8099999999999993872 ) ) ;
#2714 = LINE ( 'NONE', #3310, #411 ) ;
#2715 = PLANE ( 'NONE',  #3427 ) ;
#2716 = UNCERTAINTY_MEASURE_WITH_UNIT (LENGTH_MEASURE( 1.000000000000000082E-05 ), #2313, 'distance_accuracy_value', 'NONE');
#2717 = EDGE_LOOP ( 'NONE', ( #3425, #3382, #3421, #60 ) ) ;
#2718 = VERTEX_POINT ( 'NONE', #1171 ) ;
#2719 = VECTOR ( 'NONE', #1139, 1000.000000000000000 ) ;
#2720 = ADVANCED_FACE ( 'NONE', ( #515 ), #756, .F. ) ;
#2721 = EDGE_LOOP ( 'NONE', ( #3135, #615, #2705, #428 ) ) ;
#2722 = VERTEX_POINT ( 'NONE', #1535 ) ;
#2723 = AXIS2_PLACEMENT_3D ( 'NONE', #3209, #181, #2334 ) ;
#2724 = LINE ( 'NONE', #1013, #1607 ) ;
#2725 = PRESENTATION_LAYER_ASSIGNMENT (  '', '', ( #726 ) ) ;
#2726 = VERTEX_POINT ( 'NONE', #2048 ) ;
#2727 = VERTEX_POINT ( 'NONE', #123 ) ;
#2728 = EDGE_CURVE ( 'NONE', #2543, #657, #493, .T. ) ;
#2729 = LINE ( 'NONE', #2901, #1611 ) ;
#2730 = VERTEX_POINT ( 'NONE', #2224 ) ;
#2731 = ORIENTED_EDGE ( 'NONE', *, *, #1817, .F. ) ;
#2732 = LINE ( 'NONE', #1928, #438 ) ;
#2733 = CARTESIAN_POINT ( 'NONE',  ( -1.282499999999998863, 1.022580077288040499E-16, 0.8099999999999993872 ) ) ;
#2734 = CARTESIAN_POINT ( 'NONE',  ( 0.4174999999999999267, 2.898989183858930563, 0.8039848845708893466 ) ) ;
#2735 = EDGE_LOOP ( 'NONE', ( #1025, #2514 ) ) ;
#2736 = CARTESIAN_POINT ( 'NONE',  ( 5.080000000000000071, 12.09999999999999964, -1.015000000000000124 ) ) ;
#2737 = EDGE_LOOP ( 'NONE', ( #1313, #3334, #2486, #2326 ) ) ;
#2738 = AXIS2_PLACEMENT_3D ( 'NONE', #351, #1124, #1735 ) ;
#2739 = VECTOR ( 'NONE', #787, 1000.000000000000114 ) ;
#2740 = CARTESIAN_POINT ( 'NONE',  ( 2.982499999999998597, 0.6499999999999998002, 0.8099999999999993872 ) ) ;
#2741 = EDGE_CURVE ( 'NONE', #2485, #2891, #2808, .T. ) ;
#2742 = DIRECTION ( 'NONE',  ( -3.942553354492743038E-16, 1.000000000000000000, -0.000000000000000000 ) ) ;
#2743 = ORIENTED_EDGE ( 'NONE', *, *, #741, .T. ) ;
#2744 = VERTEX_POINT ( 'NONE', #2069 ) ;
#2745 =( NAMED_UNIT ( * ) SI_UNIT ( $, .STERADIAN. ) SOLID_ANGLE_UNIT ( ) );
#2746 = VECTOR ( 'NONE', #1465, 1000.000000000000000 ) ;
#2747 = ADVANCED_FACE ( 'NONE', ( #1739 ), #1200, .F. ) ;
#2748 = ORIENTED_EDGE ( 'NONE', *, *, #439, .T. ) ;
#2749 = CARTESIAN_POINT ( 'NONE',  ( -0.4524999999999997913, 0.6499999999999999112, 0.8099999999999993872 ) ) ;
#2750 = EDGE_CURVE ( 'NONE', #2422, #1218, #803, .T. ) ;
#2751 = ORIENTED_EDGE ( 'NONE', *, *, #1377, .F. ) ;
#2752 = PLANE ( 'NONE',  #37 ) ;
#2753 = CARTESIAN_POINT ( 'NONE',  ( -1.282499999999996421, -10.05000000000000071, 0.4049999999999993605 ) ) ;
#2754 = FACE_OUTER_BOUND ( 'NONE', #2694, .T. ) ;
#2755 = EDGE_CURVE ( 'NONE', #2239, #2011, #823, .T. ) ;
#2756 = CARTESIAN_POINT ( 'NONE',  ( 0.000000000000000000, 9.600000000000001421, 2.184999999999998721 ) ) ;
#2757 = ORIENTED_EDGE ( 'NONE', *, *, #2792, .F. ) ;
#2758 = CARTESIAN_POINT ( 'NONE',  ( -1.247499999999998943, 0.000000000000000000, 0.4049999999999993605 ) ) ;
#2759 = VECTOR ( 'NONE', #3109, 1000.000000000000000 ) ;
#2760 = DIRECTION ( 'NONE',  ( 0.000000000000000000, -4.862051476885460415E-17, 1.000000000000000000 ) ) ;
#2761 = MANIFOLD_SOLID_BREP ( 'Cut-Extrude4[5]', #2461 ) ;
#2762 = DIRECTION ( 'NONE',  ( 0.000000000000000000, 5.005171518229332485E-17, -1.000000000000000000 ) ) ;
#2763 = ORIENTED_EDGE ( 'NONE', *, *, #3361, .F. ) ;
#2764 = VECTOR ( 'NONE', #1713, 1000.000000000000000 ) ;
#2765 = VECTOR ( 'NONE', #2024, 1000.000000000000000 ) ;
#2766 = DIRECTION ( 'NONE',  ( 0.000000000000000000, -1.000000000000000000, 0.000000000000000000 ) ) ;
#2767 = CARTESIAN_POINT ( 'NONE',  ( 0.4175000000000029243, -10.05000000000000071, 0.4049999999999993605 ) ) ;
#2768 = ORIENTED_EDGE ( 'NONE', *, *, #967, .F. ) ;
#2769 = EDGE_CURVE ( 'NONE', #2253, #1608, #746, .T. ) ;
#2770 = CARTESIAN_POINT ( 'NONE',  ( -2.152499999999998970, 0.000000000000000000, 0.8099999999999993872 ) ) ;
#2771 = LINE ( 'NONE', #567, #2719 ) ;
#2772 = LINE ( 'NONE', #1874, #1635 ) ;
#2773 = VERTEX_POINT ( 'NONE', #150 ) ;
#2774 = CARTESIAN_POINT ( 'NONE',  ( -5.049999999999998934, 12.09999999999999964, -1.015000000000000568 ) ) ;
#2775 = ADVANCED_FACE ( 'NONE', ( #3042 ), #1508, .T. ) ;
#2776 = DIRECTION ( 'NONE',  ( -0.000000000000000000, -0.000000000000000000, -1.000000000000000000 ) ) ;
#2777 = FACE_OUTER_BOUND ( 'NONE', #1077, .T. ) ;
#2778 = VECTOR ( 'NONE', #226, 1000.000000000000000 ) ;
#2779 = ORIENTED_EDGE ( 'NONE', *, *, #2663, .T. ) ;
#2780 = CARTESIAN_POINT ( 'NONE',  ( 2.152499999999999414, 0.000000000000000000, 0.8099999999999993872 ) ) ;
#2781 = VECTOR ( 'NONE', #1521, 1000.000000000000000 ) ;
#2782 = LINE ( 'NONE', #2649, #521 ) ;
#2783 = DIRECTION ( 'NONE',  ( -0.000000000000000000, 5.005171518229332485E-17, -1.000000000000000000 ) ) ;
#2784 = PLANE ( 'NONE',  #1926 ) ;
#2785 = DIRECTION ( 'NONE',  ( -2.589139516383294311E-16, 1.000000000000000000, 0.000000000000000000 ) ) ;
#2786 = VERTEX_POINT ( 'NONE', #1825 ) ;
#2787 = LINE ( 'NONE', #2062, #1657 ) ;
#2788 = EDGE_CURVE ( 'NONE', #1991, #1376, #3116, .T. ) ;
#2789 = VECTOR ( 'NONE', #259, 1000.000000000000000 ) ;
#2790 = CARTESIAN_POINT ( 'NONE',  ( 2.117499999999999716, 1.022580077288040499E-16, 0.8099999999999993872 ) ) ;
#2791 = ORIENTED_EDGE ( 'NONE', *, *, #2050, .T. ) ;
#2792 = EDGE_CURVE ( 'NONE', #1272, #1741, #771, .T. ) ;
#2793 = SURFACE_STYLE_USAGE ( .BOTH. , #2857 ) ;
#2794 = VECTOR ( 'NONE', #1129, 1000.000000000000000 ) ;
#2795 = LINE ( 'NONE', #1412, #1699 ) ;
#2796 = DIRECTION ( 'NONE',  ( 1.365923996832131116E-16, -1.000000000000000000, 0.000000000000000000 ) ) ;
#2797 = ORIENTED_EDGE ( 'NONE', *, *, #1326, .F. ) ;
#2798 = CARTESIAN_POINT ( 'NONE',  ( 4.025000000000000355, 6.050000000000000711, -1.015000000000000568 ) ) ;
#2799 = EDGE_CURVE ( 'NONE', #407, #2253, #3065, .T. ) ;
#2800 = CARTESIAN_POINT ( 'NONE',  ( 5.049999999999999822, 17.10000000000000142, -1.015000000000000124 ) ) ;
#2801 = VECTOR ( 'NONE', #133, 1000.000000000000000 ) ;
#2802 = LINE ( 'NONE', #2907, #2789 ) ;
#2803 = DIRECTION ( 'NONE',  ( 0.000000000000000000, 0.000000000000000000, -1.000000000000000000 ) ) ;
#2804 = ORIENTED_EDGE ( 'NONE', *, *, #984, .F. ) ;
#2805 = ORIENTED_EDGE ( 'NONE', *, *, #1736, .F. ) ;
#2806 = CARTESIAN_POINT ( 'NONE',  ( 1.282499999999999307, -10.05000000000000071, 0.8099999999999993872 ) ) ;
#2807 = COLOUR_RGB ( '',0.7921568627450980005, 0.8196078431372548767, 0.9333333333333333481 ) ;
#2808 = LINE ( 'NONE', #2826, #2902 ) ;
#2809 = DIRECTION ( 'NONE',  ( 0.000000000000000000, 1.000000000000000000, 0.000000000000000000 ) ) ;
#2810 = DIRECTION ( 'NONE',  ( -2.589139516383294311E-16, 1.000000000000000000, -0.000000000000000000 ) ) ;
#2811 = ADVANCED_FACE ( 'NONE', ( #1980 ), #945, .F. ) ;
#2812 = DIRECTION ( 'NONE',  ( 1.000000000000000000, 2.589139516383294311E-16, -0.000000000000000000 ) ) ;
#2813 = ORIENTED_EDGE ( 'NONE', *, *, #3138, .F. ) ;
#2814 = VERTEX_POINT ( 'NONE', #2149 ) ;
#2815 = EDGE_CURVE ( 'NONE', #2659, #408, #1903, .T. ) ;
#2816 = VECTOR ( 'NONE', #663, 1000.000000000000000 ) ;
#2817 = LINE ( 'NONE', #1904, #2827 ) ;
#2818 = DIRECTION ( 'NONE',  ( 1.000000000000000000, -0.000000000000000000, -0.000000000000000000 ) ) ;
#2819 = DIRECTION ( 'NONE',  ( 1.000000000000000000, -3.097720492815738111E-15, 0.000000000000000000 ) ) ;
#2820 = AXIS2_PLACEMENT_3D ( 'NONE', #1626, #2293, #1001 ) ;
#2821 = ORIENTED_EDGE ( 'NONE', *, *, #2138, .T. ) ;
#2822 = CARTESIAN_POINT ( 'NONE',  ( 5.075000000000001066, 17.10000000000000142, -2.284999999999999698 ) ) ;
#2823 = ORIENTED_EDGE ( 'NONE', *, *, #2945, .T. ) ;
#2824 = DIRECTION ( 'NONE',  ( -0.000000000000000000, -0.000000000000000000, -1.000000000000000000 ) ) ;
#2825 = FACE_OUTER_BOUND ( 'NONE', #31, .T. ) ;
#2826 = CARTESIAN_POINT ( 'NONE',  ( -5.049999999999999822, 18.45000000000000284, -2.284999999999999698 ) ) ;
#2827 = VECTOR ( 'NONE', #2541, 1000.000000000000000 ) ;
#2828 = UNCERTAINTY_MEASURE_WITH_UNIT (LENGTH_MEASURE( 1.000000000000000082E-05 ), #1048, 'distance_accuracy_value', 'NONE');
#2829 = DIRECTION ( 'NONE',  ( 0.000000000000000000, 0.000000000000000000, -1.000000000000000000 ) ) ;
#2830 = ORIENTED_EDGE ( 'NONE', *, *, #334, .F. ) ;
#2831 = AXIS2_PLACEMENT_3D ( 'NONE', #1079, #660, #1390 ) ;
#2832 = ORIENTED_EDGE ( 'NONE', *, *, #1075, .F. ) ;
#2833 = PLANE ( 'NONE',  #3158 ) ;
#2834 = CIRCLE ( 'NONE', #1389, 1.919999999999998153 ) ;
#2835 = VERTEX_POINT ( 'NONE', #595 ) ;
#2836 = CARTESIAN_POINT ( 'NONE',  ( 3.817500000000001670, -10.05000000000000071, 0.8099999999999993872 ) ) ;
#2837 = ORIENTED_EDGE ( 'NONE', *, *, #892, .F. ) ;
#2838 = VERTEX_POINT ( 'NONE', #885 ) ;
#2839 = CARTESIAN_POINT ( 'NONE',  ( 0.000000000000000000, 15.61000000000000298, -1.015000000000000124 ) ) ;
#2840 = LINE ( 'NONE', #1931, #2950 ) ;
#2841 = CARTESIAN_POINT ( 'NONE',  ( 4.962552063576096018, 2.850000000000000089, 0.4049999999999997491 ) ) ;
#2842 = CARTESIAN_POINT ( 'NONE',  ( -2.117499999999999272, -10.05000000000000071, 0.4049999999999993605 ) ) ;
#2843 = ORIENTED_EDGE ( 'NONE', *, *, #3097, .T. ) ;
#2844 = EDGE_CURVE ( 'NONE', #2942, #1693, #794, .T. ) ;
#2845 = PLANE ( 'NONE',  #78 ) ;
#2846 = VERTEX_POINT ( 'NONE', #1918 ) ;
#2847 = ORIENTED_EDGE ( 'NONE', *, *, #2085, .F. ) ;
#2848 = LINE ( 'NONE', #1246, #572 ) ;
#2849 = LINE ( 'NONE', #2268, #1711 ) ;
#2850 = EDGE_CURVE ( 'NONE', #1563, #1991, #3076, .T. ) ;
#2851 = ORIENTED_EDGE ( 'NONE', *, *, #3176, .T. ) ;
#2852 = ADVANCED_FACE ( 'NONE', ( #783 ), #3242, .F. ) ;
#2853 = DIRECTION ( 'NONE',  ( 1.000000000000000000, -2.921657363680125966E-15, 0.000000000000000000 ) ) ;
#2854 = ORIENTED_EDGE ( 'NONE', *, *, #608, .F. ) ;
#2855 = CARTESIAN_POINT ( 'NONE',  ( -5.049999999999998934, 12.09999999999999964, -1.015000000000000568 ) ) ;
#2856 = VERTEX_POINT ( 'NONE', #3256 ) ;
#2857 = SURFACE_SIDE_STYLE ('',( #740 ) ) ;
#2858 = VECTOR ( 'NONE', #471, 1000.000000000000000 ) ;
#2859 = CARTESIAN_POINT ( 'NONE',  ( -3.795780049730349326, 11.29999999999999893, -2.285000000000000142 ) ) ;
#2860 = LINE ( 'NONE', #3297, #622 ) ;
#2861 = ORIENTED_EDGE ( 'NONE', *, *, #2386, .F. ) ;
#2862 = EDGE_LOOP ( 'NONE', ( #2924, #2861, #1605, #1783 ) ) ;
#2863 = ORIENTED_EDGE ( 'NONE', *, *, #3354, .F. ) ;
#2864 = VECTOR ( 'NONE', #332, 1000.000000000000000 ) ;
#2865 = LINE ( 'NONE', #3184, #583 ) ;
#2866 = ORIENTED_EDGE ( 'NONE', *, *, #3374, .F. ) ;
#2867 = CARTESIAN_POINT ( 'NONE',  ( 1.247499999999999387, 0.000000000000000000, 0.8099999999999993872 ) ) ;
#2868 = EDGE_LOOP ( 'NONE', ( #3329, #518, #2297, #1184 ) ) ;
#2869 = ORIENTED_EDGE ( 'NONE', *, *, #395, .F. ) ;
#2870 = EDGE_CURVE ( 'NONE', #2727, #1730, #1986, .T. ) ;
#2871 = CARTESIAN_POINT ( 'NONE',  ( -2.947499999999998455, 0.000000000000000000, 0.8099999999999993872 ) ) ;
#2872 = AXIS2_PLACEMENT_3D ( 'NONE', #1069, #1089, #2165 ) ;
#2873 = LINE ( 'NONE', #281, #1781 ) ;
#2874 = FACE_OUTER_BOUND ( 'NONE', #3052, .T. ) ;
#2875 = DIRECTION ( 'NONE',  ( -1.000000000000000000, -0.000000000000000000, -0.000000000000000000 ) ) ;
#2876 = EDGE_LOOP ( 'NONE', ( #2851, #2967, #2906, #2667 ) ) ;
#2877 = AXIS2_PLACEMENT_3D ( 'NONE', #255, #234, #1396 ) ;
#2878 = DIRECTION ( 'NONE',  ( -1.000000000000000000, -0.000000000000000000, -0.000000000000000000 ) ) ;
#2879 = ORIENTED_EDGE ( 'NONE', *, *, #2007, .F. ) ;
#2880 = EDGE_LOOP ( 'NONE', ( #1656, #1260, #2837, #591 ) ) ;
#2881 = VECTOR ( 'NONE', #482, 1000.000000000000114 ) ;
#2882 = VERTEX_POINT ( 'NONE', #3328 ) ;
#2883 = CARTESIAN_POINT ( 'NONE',  ( -3.817499999999998561, -10.05000000000000071, 0.4049999999999993605 ) ) ;
#2884 = ORIENTED_EDGE ( 'NONE', *, *, #2755, .T. ) ;
#2885 = DIRECTION ( 'NONE',  ( -7.885106708985486076E-16, 1.000000000000000000, 0.000000000000000000 ) ) ;
#2886 = ORIENTED_EDGE ( 'NONE', *, *, #447, .T. ) ;
#2887 = FACE_OUTER_BOUND ( 'NONE', #566, .T. ) ;
#2888 = VERTEX_POINT ( 'NONE', #952 ) ;
#2889 = CARTESIAN_POINT ( 'NONE',  ( -2.152499999999998970, 0.6499999999999999112, 0.8099999999999993872 ) ) ;
#2890 = ORIENTED_EDGE ( 'NONE', *, *, #2799, .T. ) ;
#2891 = VERTEX_POINT ( 'NONE', #2285 ) ;
#2892 = CARTESIAN_POINT ( 'NONE',  ( 0.000000000000000000, 0.000000000000000000, 0.8099999999999993872 ) ) ;
#2893 = EDGE_CURVE ( 'NONE', #2252, #127, #3086, .T. ) ;
#2894 = VECTOR ( 'NONE', #938, 1000.000000000000000 ) ;
#2895 = CARTESIAN_POINT ( 'NONE',  ( -2.982499999999999041, -10.05000000000000071, 0.8099999999999993872 ) ) ;
#2896 = EDGE_LOOP ( 'NONE', ( #2175, #252, #95, #3362 ) ) ;
#2897 = PLANE ( 'NONE',  #3118 ) ;
#2898 = ORIENTED_EDGE ( 'NONE', *, *, #2712, .F. ) ;
#2899 = EDGE_CURVE ( 'NONE', #1979, #88, #1897, .T. ) ;
#2900 = EDGE_LOOP ( 'NONE', ( #2886, #2699, #2675, #1907 ) ) ;
#2901 = CARTESIAN_POINT ( 'NONE',  ( -2.982499999999999929, 0.000000000000000000, 0.8099999999999993872 ) ) ;
#2902 = VECTOR ( 'NONE', #3100, 1000.000000000000000 ) ;
#2903 = PLANE ( 'NONE',  #1022 ) ;
#2904 = EDGE_CURVE ( 'NONE', #511, #1715, #799, .T. ) ;
#2905 = CARTESIAN_POINT ( 'NONE',  ( 4.025000000000000355, 6.050000000000000711, -1.015000000000000568 ) ) ;
#2906 = ORIENTED_EDGE ( 'NONE', *, *, #2904, .F. ) ;
#2907 = CARTESIAN_POINT ( 'NONE',  ( 0.000000000000000000, 17.53000000000000114, -1.015000000000000124 ) ) ;
#2908 = VERTEX_POINT ( 'NONE', #2532 ) ;
#2909 = EDGE_CURVE ( 'NONE', #2166, #2208, #3199, .T. ) ;
#2910 = VECTOR ( 'NONE', #1826, 1000.000000000000114 ) ;
#2911 = VERTEX_POINT ( 'NONE', #763 ) ;
#2912 = CARTESIAN_POINT ( 'NONE',  ( 0.000000000000000000, 2.758682226084370193, -0.3387235858003975753 ) ) ;
#2913 = CARTESIAN_POINT ( 'NONE',  ( -3.852499999999998259, 0.000000000000000000, 0.4049999999999993605 ) ) ;
#2914 = VERTEX_POINT ( 'NONE', #3308 ) ;
#2915 = ORIENTED_EDGE ( 'NONE', *, *, #385, .T. ) ;
#2916 = DIRECTION ( 'NONE',  ( 0.000000000000000000, -1.000000000000000000, 0.000000000000000000 ) ) ;
#2917 = ORIENTED_EDGE ( 'NONE', *, *, #284, .F. ) ;
#2918 = CARTESIAN_POINT ( 'NONE',  ( 5.063235513550774947, 3.133144897288082209, -1.901030132827414842 ) ) ;
#2919 = VECTOR ( 'NONE', #1981, 1000.000000000000000 ) ;
#2920 = DIRECTION ( 'NONE',  ( 1.971276677246371519E-16, -1.000000000000000000, 0.000000000000000000 ) ) ;
#2921 = ORIENTED_EDGE ( 'NONE', *, *, #707, .F. ) ;
#2922 = DIRECTION ( 'NONE',  ( 1.000000000000000000, 0.000000000000000000, 0.000000000000000000 ) ) ;
#2923 = ADVANCED_FACE ( 'NONE', ( #899 ), #934, .T. ) ;
#2924 = ORIENTED_EDGE ( 'NONE', *, *, #1352, .T. ) ;
#2925 = CARTESIAN_POINT ( 'NONE',  ( 0.000000000000000000, 0.000000000000000000, 0.4049999999999993605 ) ) ;
#2926 = DIRECTION ( 'NONE',  ( -1.000000000000000000, 0.000000000000000000, 0.000000000000000000 ) ) ;
#2927 = CARTESIAN_POINT ( 'NONE',  ( -3.817499999999998561, 0.6499999999999999112, 0.4049999999999993605 ) ) ;
#2928 = ORIENTED_EDGE ( 'NONE', *, *, #2329, .T. ) ;
#2929 = VERTEX_POINT ( 'NONE', #1151 ) ;
#2930 = ORIENTED_EDGE ( 'NONE', *, *, #526, .T. ) ;
#2931 = VECTOR ( 'NONE', #3008, 1000.000000000000000 ) ;
#2932 = DIRECTION ( 'NONE',  ( -0.000000000000000000, -0.000000000000000000, -1.000000000000000000 ) ) ;
#2933 = VERTEX_POINT ( 'NONE', #3085 ) ;
#2934 = AXIS2_PLACEMENT_3D ( 'NONE', #1115, #1166, #2525 ) ;
#2935 = ORIENTED_EDGE ( 'NONE', *, *, #1123, .T. ) ;
#2936 = VECTOR ( 'NONE', #1745, 1000.000000000000000 ) ;
#2937 = CARTESIAN_POINT ( 'NONE',  ( 4.025000000000000355, 6.050000000000000711, -2.285000000000000142 ) ) ;
#2938 = EDGE_CURVE ( 'NONE', #1563, #3343, #3234, .T. ) ;
#2939 = ORIENTED_EDGE ( 'NONE', *, *, #1278, .T. ) ;
#2940 = EDGE_CURVE ( 'NONE', #1553, #1280, #3151, .T. ) ;
#2941 = CARTESIAN_POINT ( 'NONE',  ( 0.4525000000000002354, 0.6499999999999999112, 0.8099999999999993872 ) ) ;
#2942 = VERTEX_POINT ( 'NONE', #158 ) ;
#2943 = VECTOR ( 'NONE', #1996, 1000.000000000000000 ) ;
#2944 = CARTESIAN_POINT ( 'NONE',  ( 0.000000000000000000, 2.899727747165673719, 0.8099999999999993872 ) ) ;
#2945 = EDGE_CURVE ( 'NONE', #2786, #1596, #903, .T. ) ;
#2946 = ORIENTED_EDGE ( 'NONE', *, *, #52, .F. ) ;
#2947 = LINE ( 'NONE', #2405, #2978 ) ;
#2948 = CARTESIAN_POINT ( 'NONE',  ( 2.947499999999998899, 0.000000000000000000, 0.8099999999999993872 ) ) ;
#2949 = ORIENTED_EDGE ( 'NONE', *, *, #792, .T. ) ;
#2950 = VECTOR ( 'NONE', #2421, 1000.000000000000000 ) ;
#2951 = EDGE_CURVE ( 'NONE', #2953, #1361, #870, .T. ) ;
#2952 = ADVANCED_FACE ( 'NONE', ( #2076 ), #3275, .F. ) ;
#2953 = VERTEX_POINT ( 'NONE', #2055 ) ;
#2954 = ORIENTED_EDGE ( 'NONE', *, *, #553, .T. ) ;
#2955 = FACE_OUTER_BOUND ( 'NONE', #1173, .T. ) ;
#2956 = CARTESIAN_POINT ( 'NONE',  ( 1.282499999999999307, 0.000000000000000000, 0.4049999999999993605 ) ) ;
#2957 = DIRECTION ( 'NONE',  ( -0.000000000000000000, 5.005171518229332485E-17, -1.000000000000000000 ) ) ;
#2958 = ORIENTED_EDGE ( 'NONE', *, *, #1443, .F. ) ;
#2959 = EDGE_LOOP ( 'NONE', ( #1127, #1387, #1066, #2478 ) ) ;
#2960 = CARTESIAN_POINT ( 'NONE',  ( -4.880469490908099672, 11.69481094902041285, 2.284999999999999698 ) ) ;
#2961 = ORIENTED_EDGE ( 'NONE', *, *, #2336, .T. ) ;
#2962 = DIRECTION ( 'NONE',  ( 0.000000000000000000, -0.1218693434051406621, -0.9925461516413227603 ) ) ;
#2963 = CARTESIAN_POINT ( 'NONE',  ( 3.817499999999998561, 2.850000000000000089, 0.8099999999999993872 ) ) ;
#2964 = EDGE_CURVE ( 'NONE', #770, #1569, #859, .T. ) ;
#2965 = AXIS2_PLACEMENT_3D ( 'NONE', #2215, #906, #111 ) ;
#2966 = DIRECTION ( 'NONE',  ( -0.000000000000000000, -0.000000000000000000, -1.000000000000000000 ) ) ;
#2967 = ORIENTED_EDGE ( 'NONE', *, *, #959, .F. ) ;
#2968 = FACE_OUTER_BOUND ( 'NONE', #3248, .T. ) ;
#2969 = PLANE ( 'NONE',  #1714 ) ;
#2970 = ORIENTED_EDGE ( 'NONE', *, *, #629, .T. ) ;
#2971 = LINE ( 'NONE', #1447, #642 ) ;
#2972 = ADVANCED_FACE ( 'NONE', ( #2094 ), #437, .F. ) ;
#2973 = CARTESIAN_POINT ( 'NONE',  ( -5.049999999999999822, 18.45000000000000284, -2.284999999999999698 ) ) ;
#2974 = ORIENTED_EDGE ( 'NONE', *, *, #3063, .T. ) ;
#2975 = LINE ( 'NONE', #2162, #1848 ) ;
#2976 = CARTESIAN_POINT ( 'NONE',  ( -5.049999999999998934, 17.10000000000000142, -2.284999999999999698 ) ) ;
#2977 = ORIENTED_EDGE ( 'NONE', *, *, #153, .F. ) ;
#2978 = VECTOR ( 'NONE', #1755, 1000.000000000000000 ) ;
#2979 = ORIENTED_EDGE ( 'NONE', *, *, #2088, .T. ) ;
#2980 = VECTOR ( 'NONE', #2172, 1000.000000000000000 ) ;
#2981 = ADVANCED_FACE ( 'NONE', ( #3189 ), #1838, .F. ) ;
#2982 = CARTESIAN_POINT ( 'NONE',  ( -2.995780049730349059, 12.09999999999999964, -2.285000000000000142 ) ) ;
#2983 = FILL_AREA_STYLE ('',( #2682 ) ) ;
#2984 = ORIENTED_EDGE ( 'NONE', *, *, #20, .T. ) ;
#2985 = EDGE_CURVE ( 'NONE', #190, #2398, #2004, .T. ) ;
#2986 = ORIENTED_EDGE ( 'NONE', *, *, #1935, .F. ) ;
#2987 = LINE ( 'NONE', #370, #2997 ) ;
#2988 = DIRECTION ( 'NONE',  ( 1.000000000000000000, 0.000000000000000000, 0.000000000000000000 ) ) ;
#2989 = ORIENTED_EDGE ( 'NONE', *, *, #153, .T. ) ;
#2990 = PLANE ( 'NONE',  #760 ) ;
#2991 = ORIENTED_EDGE ( 'NONE', *, *, #1162, .T. ) ;
#2992 = MANIFOLD_SOLID_BREP ( 'Boss-Extrude4', #1927 ) ;
#2993 = ORIENTED_EDGE ( 'NONE', *, *, #2520, .F. ) ;
#2994 = CARTESIAN_POINT ( 'NONE',  ( -2.117499999999999272, 0.000000000000000000, 0.4049999999999993605 ) ) ;
#2995 = PLANE ( 'NONE',  #3126 ) ;
#2996 = ORIENTED_EDGE ( 'NONE', *, *, #526, .F. ) ;
#2997 = VECTOR ( 'NONE', #1113, 1000.000000000000000 ) ;
#2998 = DIRECTION ( 'NONE',  ( -0.000000000000000000, -0.000000000000000000, 1.000000000000000000 ) ) ;
#2999 = ORIENTED_EDGE ( 'NONE', *, *, #2088, .F. ) ;
#3000 = ADVANCED_FACE ( 'NONE', ( #2021 ), #826, .F. ) ;
#3001 = CARTESIAN_POINT ( 'NONE',  ( -1.282499999999996421, -10.05000000000000071, 0.4049999999999993605 ) ) ;
#3002 = ORIENTED_EDGE ( 'NONE', *, *, #3245, .T. ) ;
#3003 = AXIS2_PLACEMENT_3D ( 'NONE', #677, #2257, #2556 ) ;
#3004 = PRESENTATION_STYLE_ASSIGNMENT (( #96 ) ) ;
#3005 = CARTESIAN_POINT ( 'NONE',  ( -0.4524999999999997913, 0.000000000000000000, 0.4049999999999993605 ) ) ;
#3006 = ORIENTED_EDGE ( 'NONE', *, *, #3029, .T. ) ;
#3007 = CARTESIAN_POINT ( 'NONE',  ( 2.995780049730349059, 11.29999999999999893, -1.015000000000000568 ) ) ;
#3008 = DIRECTION ( 'NONE',  ( 1.000000000000000000, -0.000000000000000000, -0.000000000000000000 ) ) ;
#3009 = LINE ( 'NONE', #1052, #1790 ) ;
#3010 = DIRECTION ( 'NONE',  ( 0.000000000000000000, 5.005171518229332485E-17, -1.000000000000000000 ) ) ;
#3011 = VECTOR ( 'NONE', #1403, 1000.000000000000000 ) ;
#3012 = DIRECTION ( 'NONE',  ( -0.000000000000000000, -1.000000000000000000, -0.000000000000000000 ) ) ;
#3013 = ORIENTED_EDGE ( 'NONE', *, *, #785, .F. ) ;
#3014 = AXIS2_PLACEMENT_3D ( 'NONE', #2170, #3276, #2516 ) ;
#3015 = CARTESIAN_POINT ( 'NONE',  ( -3.852499999999998259, 0.000000000000000000, 0.4049999999999993605 ) ) ;
#3016 = DIRECTION ( 'NONE',  ( 1.000000000000000000, 0.000000000000000000, 0.000000000000000000 ) ) ;
#3017 = VECTOR ( 'NONE', #2957, 1000.000000000000000 ) ;
#3018 = EDGE_CURVE ( 'NONE', #2176, #1693, #3221, .T. ) ;
#3019 = DIRECTION ( 'NONE',  ( 0.000000000000000000, 0.000000000000000000, 1.000000000000000000 ) ) ;
#3020 = VECTOR ( 'NONE', #61, 1000.000000000000000 ) ;
#3021 = EDGE_CURVE ( 'NONE', #2420, #375, #2072, .T. ) ;
#3022 = VECTOR ( 'NONE', #2932, 1000.000000000000000 ) ;
#3023 = CARTESIAN_POINT ( 'NONE',  ( -3.852499999999998259, 0.000000000000000000, 0.8099999999999993872 ) ) ;
#3024 = DIRECTION ( 'NONE',  ( 2.921657363680126360E-15, 1.000000000000000000, -0.000000000000000000 ) ) ;
#3025 = EDGE_CURVE ( 'NONE', #354, #1153, #3182, .T. ) ;
#3026 = FACE_OUTER_BOUND ( 'NONE', #633, .T. ) ;
#3027 = ADVANCED_FACE ( 'NONE', ( #2027 ), #1375, .T. ) ;
#3028 = LINE ( 'NONE', #878, #3104 ) ;
#3029 = EDGE_CURVE ( 'NONE', #2075, #1959, #3225, .T. ) ;
#3030 = DIRECTION ( 'NONE',  ( 0.000000000000000000, 0.000000000000000000, 1.000000000000000000 ) ) ;
#3031 = DIRECTION ( 'NONE',  ( 0.04361938736532880445, -0.9990482215818580203, 0.000000000000000000 ) ) ;
#3032 = DIRECTION ( 'NONE',  ( -2.402381943258827241E-17, 0.1218693434051406621, 0.9925461516413227603 ) ) ;
#3033 = VECTOR ( 'NONE', #3019, 1000.000000000000000 ) ;
#3034 = PRESENTATION_STYLE_ASSIGNMENT (( #550 ) ) ;
#3035 = CARTESIAN_POINT ( 'NONE',  ( -0.4524999999999997913, 0.000000000000000000, 0.8099999999999993872 ) ) ;
#3036 = CARTESIAN_POINT ( 'NONE',  ( 2.995780049730349059, 11.29999999999999893, -2.285000000000000142 ) ) ;
#3037 = VECTOR ( 'NONE', #1240, 1000.000000000000000 ) ;
#3038 = CARTESIAN_POINT ( 'NONE',  ( 2.982499999999998597, 0.000000000000000000, 0.8099999999999993872 ) ) ;
#3039 = CARTESIAN_POINT ( 'NONE',  ( 0.000000000000000000, 0.000000000000000000, 0.000000000000000000 ) ) ;
#3040 = EDGE_CURVE ( 'NONE', #2835, #1533, #2082, .T. ) ;
#3041 = AXIS2_PLACEMENT_3D ( 'NONE', #2756, #2015, #53 ) ;
#3042 = FACE_OUTER_BOUND ( 'NONE', #2577, .T. ) ;
#3043 = DIRECTION ( 'NONE',  ( -0.000000000000000000, -0.000000000000000000, -1.000000000000000000 ) ) ;
#3044 = VECTOR ( 'NONE', #3266, 1000.000000000000000 ) ;
#3045 = DIRECTION ( 'NONE',  ( 0.000000000000000000, -1.000000000000000000, 0.000000000000000000 ) ) ;
#3046 = VERTEX_POINT ( 'NONE', #1878 ) ;
#3047 = ADVANCED_FACE ( 'NONE', ( #3231 ), #2897, .T. ) ;
#3048 = VECTOR ( 'NONE', #3083, 1000.000000000000000 ) ;
#3049 = CARTESIAN_POINT ( 'NONE',  ( 5.080000000000000071, 11.51786589610922285, 2.084999999999999520 ) ) ;
#3050 = AXIS2_PLACEMENT_3D ( 'NONE', #3023, #65, #432 ) ;
#3051 = UNCERTAINTY_MEASURE_WITH_UNIT (LENGTH_MEASURE( 1.000000000000000082E-05 ), #2513, 'distance_accuracy_value', 'NONE');
#3052 = EDGE_LOOP ( 'NONE', ( #3293, #2187, #2647, #1027, #1011, #2634, #3324, #2652 ) ) ;
#3053 = CARTESIAN_POINT ( 'NONE',  ( 2.117499999999999716, 1.022580077288040499E-16, 0.8099999999999993872 ) ) ;
#3054 = EDGE_CURVE ( 'NONE', #1527, #2914, #2087, .T. ) ;
#3055 = DIRECTION ( 'NONE',  ( -1.000000000000000000, 3.097720492815738111E-15, -0.000000000000000000 ) ) ;
#3056 = LINE ( 'NONE', #433, #3108 ) ;
#3057 = DIRECTION ( 'NONE',  ( 1.000000000000000000, 0.000000000000000000, 0.000000000000000000 ) ) ;
#3058 = EDGE_CURVE ( 'NONE', #2416, #3359, #1448, .T. ) ;
#3059 = VERTEX_POINT ( 'NONE', #1861 ) ;
#3060 = EDGE_CURVE ( 'NONE', #2339, #2730, #2650, .T. ) ;
#3061 = DIRECTION ( 'NONE',  ( -0.000000000000000000, 5.005171518229332485E-17, -1.000000000000000000 ) ) ;
#3062 = DIRECTION ( 'NONE',  ( 0.000000000000000000, 0.000000000000000000, 1.000000000000000000 ) ) ;
#3063 = EDGE_CURVE ( 'NONE', #354, #149, #293, .T. ) ;
#3064 = EDGE_LOOP ( 'NONE', ( #1438, #3185, #1116, #1513 ) ) ;
#3065 = LINE ( 'NONE', #3284, #777 ) ;
#3066 = DIRECTION ( 'NONE',  ( -1.000000000000000000, -0.000000000000000000, -0.000000000000000000 ) ) ;
#3067 = CARTESIAN_POINT ( 'NONE',  ( 4.025000000000000355, 6.050000000000000711, -1.015000000000000568 ) ) ;
#3068 = DIRECTION ( 'NONE',  ( 0.000000000000000000, 5.005171518229332485E-17, -1.000000000000000000 ) ) ;
#3069 = VERTEX_POINT ( 'NONE', #230 ) ;
#3070 = LINE ( 'NONE', #721, #784 ) ;
#3071 = CARTESIAN_POINT ( 'NONE',  ( 3.817499999999999005, 0.6499999999999999112, 0.4049999999999993605 ) ) ;
#3072 = ADVANCED_FACE ( 'NONE', ( #402 ), #2969, .F. ) ;
#3073 = EDGE_LOOP ( 'NONE', ( #355, #2977, #1694, #421 ) ) ;
#3074 = AXIS2_PLACEMENT_3D ( 'NONE', #2025, #912, #2796 ) ;
#3075 = CARTESIAN_POINT ( 'NONE',  ( 1.282499999999999307, -10.05000000000000071, 0.4049999999999993605 ) ) ;
#3076 = LINE ( 'NONE', #335, #1920 ) ;
#3077 = PLANE ( 'NONE',  #887 ) ;
#3078 = VECTOR ( 'NONE', #1925, 1000.000000000000000 ) ;
#3079 = FILL_AREA_STYLE ('',( #527 ) ) ;
#3080 = DIRECTION ( 'NONE',  ( -0.000000000000000000, -0.000000000000000000, -1.000000000000000000 ) ) ;
#3081 = ORIENTED_EDGE ( 'NONE', *, *, #2131, .T. ) ;
#3082 = CARTESIAN_POINT ( 'NONE',  ( -0.4174999999999999267, 2.866314482762530425, 0.5378707994112693624 ) ) ;
#3083 = DIRECTION ( 'NONE',  ( -1.000000000000000000, 3.097720492815738111E-15, -0.000000000000000000 ) ) ;
#3084 = ORIENTED_EDGE ( 'NONE', *, *, #2750, .F. ) ;
#3085 = CARTESIAN_POINT ( 'NONE',  ( -2.995780049730349059, 11.29999999999999893, -2.285000000000000142 ) ) ;
#3086 = LINE ( 'NONE', #2515, #1891 ) ;
#3087 = PLANE ( 'NONE',  #3259 ) ;
#3088 = AXIS2_PLACEMENT_3D ( 'NONE', #1468, #165, #1844 ) ;
#3089 = CARTESIAN_POINT ( 'NONE',  ( -1.282499999999998863, 1.022580077288040499E-16, 0.4049999999999993605 ) ) ;
#3090 = VERTEX_POINT ( 'NONE', #2643 ) ;
#3091 = VECTOR ( 'NONE', #2008, 1000.000000000000000 ) ;
#3092 = LINE ( 'NONE', #1888, #789 ) ;
#3093 = PLANE ( 'NONE',  #175 ) ;
#3094 = ORIENTED_EDGE ( 'NONE', *, *, #2899, .T. ) ;
#3095 = CARTESIAN_POINT ( 'NONE',  ( -1.282499999999998863, 0.6499999999999999112, 0.8099999999999993872 ) ) ;
#3096 = LINE ( 'NONE', #816, #3078 ) ;
#3097 = EDGE_CURVE ( 'NONE', #215, #1043, #1555, .T. ) ;
#3098 = DIRECTION ( 'NONE',  ( -1.971276677246371519E-16, 1.000000000000000000, -0.000000000000000000 ) ) ;
#3099 = FILL_AREA_STYLE ('',( #2068 ) ) ;
#3100 = DIRECTION ( 'NONE',  ( -1.365923996832131116E-16, 1.000000000000000000, 6.829619984160655581E-17 ) ) ;
#3101 = EDGE_CURVE ( 'NONE', #2222, #2161, #2669, .T. ) ;
#3102 = EDGE_LOOP ( 'NONE', ( #793, #2751, #2847, #705 ) ) ;
#3103 = ADVANCED_FACE ( 'NONE', ( #298 ), #1973, .F. ) ;
#3104 = VECTOR ( 'NONE', #1945, 1000.000000000000000 ) ;
#3105 = EDGE_CURVE ( 'NONE', #2401, #2891, #1458, .T. ) ;
#3106 = VERTEX_POINT ( 'NONE', #1191 ) ;
#3107 = DIRECTION ( 'NONE',  ( 0.000000000000000000, 1.000000000000000000, 0.000000000000000000 ) ) ;
#3108 = VECTOR ( 'NONE', #3327, 1000.000000000000227 ) ;
#3109 = DIRECTION ( 'NONE',  ( 0.000000000000000000, 5.005171518229332485E-17, -1.000000000000000000 ) ) ;
#3110 = DIRECTION ( 'NONE',  ( -0.000000000000000000, -0.000000000000000000, -1.000000000000000000 ) ) ;
#3111 = CARTESIAN_POINT ( 'NONE',  ( 2.947499999999998899, 0.000000000000000000, 0.8099999999999993872 ) ) ;
#3112 = ORIENTED_EDGE ( 'NONE', *, *, #2945, .F. ) ;
#3113 = LINE ( 'NONE', #1179, #3190 ) ;
#3114 = EDGE_CURVE ( 'NONE', #2557, #190, #318, .T. ) ;
#3115 = ORIENTED_EDGE ( 'NONE', *, *, #2118, .T. ) ;
#3116 = LINE ( 'NONE', #2275, #1967 ) ;
#3117 = DIRECTION ( 'NONE',  ( 1.000000000000000000, -0.000000000000000000, -0.000000000000000000 ) ) ;
#3118 = AXIS2_PLACEMENT_3D ( 'NONE', #1010, #1271, #3150 ) ;
#3119 = FACE_OUTER_BOUND ( 'NONE', #219, .T. ) ;
#3120 = DIRECTION ( 'NONE',  ( 0.000000000000000000, 1.000000000000000000, 0.000000000000000000 ) ) ;
#3121 = DIRECTION ( 'NONE',  ( 0.000000000000000000, 0.000000000000000000, -1.000000000000000000 ) ) ;
#3122 = EDGE_LOOP ( 'NONE', ( #1160, #1249, #1242, #1264 ) ) ;
#3123 = VECTOR ( 'NONE', #3010, 1000.000000000000000 ) ;
#3124 = LINE ( 'NONE', #1277, #3203 ) ;
#3125 = CARTESIAN_POINT ( 'NONE',  ( 0.4174999999999999267, 2.899727747165673719, 0.8099999999999993872 ) ) ;
#3126 = AXIS2_PLACEMENT_3D ( 'NONE', #603, #3016, #570 ) ;
#3127 = PLANE ( 'NONE',  #695 ) ;
#3128 = CARTESIAN_POINT ( 'NONE',  ( 1.247499999999999387, 0.6499999999999999112, 0.8099999999999993872 ) ) ;
#3129 = DIRECTION ( 'NONE',  ( 1.000000000000000000, 0.000000000000000000, 0.000000000000000000 ) ) ;
#3130 = ADVANCED_FACE ( 'NONE', ( #2701 ), #333, .T. ) ;
#3131 = FACE_OUTER_BOUND ( 'NONE', #692, .T. ) ;
#3132 = CARTESIAN_POINT ( 'NONE',  ( -1.247499999999998943, 0.000000000000000000, 0.8099999999999993872 ) ) ;
#3133 = CARTESIAN_POINT ( 'NONE',  ( 3.817499999999999005, 0.6499999999999999112, 0.8099999999999993872 ) ) ;
#3134 = CARTESIAN_POINT ( 'NONE',  ( -2.947499999999998455, 0.6499999999999999112, 0.8099999999999993872 ) ) ;
#3135 = ORIENTED_EDGE ( 'NONE', *, *, #1900, .T. ) ;
#3136 = VECTOR ( 'NONE', #1186, 1000.000000000000000 ) ;
#3137 = EDGE_CURVE ( 'NONE', #1144, #776, #2655, .T. ) ;
#3138 = EDGE_CURVE ( 'NONE', #1569, #2051, #382, .T. ) ;
#3139 = ORIENTED_EDGE ( 'NONE', *, *, #2899, .F. ) ;
#3140 = CARTESIAN_POINT ( 'NONE',  ( -0.4174999999999999267, -10.05000000000000071, 0.8099999999999993872 ) ) ;
#3141 = VECTOR ( 'NONE', #2562, 1000.000000000000000 ) ;
#3142 = CARTESIAN_POINT ( 'NONE',  ( 1.247499999999999387, 0.000000000000000000, 0.8099999999999993872 ) ) ;
#3143 = ORIENTED_EDGE ( 'NONE', *, *, #2093, .T. ) ;
#3144 = FACE_OUTER_BOUND ( 'NONE', #2444, .T. ) ;
#3145 = DIRECTION ( 'NONE',  ( -0.000000000000000000, -0.000000000000000000, -1.000000000000000000 ) ) ;
#3146 = DIRECTION ( 'NONE',  ( 1.000000000000000000, 0.000000000000000000, 0.000000000000000000 ) ) ;
#3147 = PRESENTATION_STYLE_ASSIGNMENT (( #346 ) ) ;
#3148 = DIRECTION ( 'NONE',  ( 0.000000000000000000, 1.000000000000000000, -0.000000000000000000 ) ) ;
#3149 = ORIENTED_EDGE ( 'NONE', *, *, #1740, .T. ) ;
#3150 = DIRECTION ( 'NONE',  ( 1.000000000000000000, 0.000000000000000000, -0.000000000000000000 ) ) ;
#3151 = LINE ( 'NONE', #1461, #937 ) ;
#3152 = LINE ( 'NONE', #998, #2056 ) ;
#3153 = CARTESIAN_POINT ( 'NONE',  ( 2.117499999999999716, 1.022580077288040499E-16, 0.8099999999999993872 ) ) ;
#3154 = DIRECTION ( 'NONE',  ( -3.942553354492743038E-16, 1.000000000000000000, -0.000000000000000000 ) ) ;
#3155 = ORIENTED_EDGE ( 'NONE', *, *, #3356, .T. ) ;
#3156 = VECTOR ( 'NONE', #743, 1000.000000000000000 ) ;
#3157 = ADVANCED_FACE ( 'NONE', ( #1495 ), #2661, .F. ) ;
#3158 = AXIS2_PLACEMENT_3D ( 'NONE', #2053, #739, #964 ) ;
#3159 = LINE ( 'NONE', #3067, #875 ) ;
#3160 = DIRECTION ( 'NONE',  ( 0.000000000000000000, 5.005171518229331869E-17, -1.000000000000000000 ) ) ;
#3161 = PRODUCT_RELATED_PRODUCT_CATEGORY ( 'part', '', ( #1204 ) ) ;
#3162 = ORIENTED_EDGE ( 'NONE', *, *, #1976, .F. ) ;
#3163 = DIRECTION ( 'NONE',  ( 0.000000000000000000, -0.1218693434051406621, -0.9925461516413227603 ) ) ;
#3164 = LINE ( 'NONE', #2038, #911 ) ;
#3165 = CARTESIAN_POINT ( 'NONE',  ( 2.117500000000002380, -10.05000000000000071, 0.8099999999999993872 ) ) ;
#3166 = CARTESIAN_POINT ( 'NONE',  ( -2.117499999999999272, 0.6499999999999998002, 0.8099999999999993872 ) ) ;
#3167 = ORIENTED_EDGE ( 'NONE', *, *, #1224, .F. ) ;
#3168 = LINE ( 'NONE', #2537, #1987 ) ;
#3169 = CARTESIAN_POINT ( 'NONE',  ( -5.075000000000001066, 17.10000000000000142, -1.015000000000001457 ) ) ;
#3170 = PLANE ( 'NONE',  #1960 ) ;
#3171 = CARTESIAN_POINT ( 'NONE',  ( 2.152499999999999414, 0.000000000000000000, 0.4049999999999993605 ) ) ;
#3172 = EDGE_CURVE ( 'NONE', #3224, #1356, #1536, .T. ) ;
#3173 = DIRECTION ( 'NONE',  ( -1.000000000000000000, -1.971276677246371519E-16, 0.000000000000000000 ) ) ;
#3174 = ORIENTED_EDGE ( 'NONE', *, *, #2700, .F. ) ;
#3175 = LINE ( 'NONE', #2613, #2005 ) ;
#3176 = EDGE_CURVE ( 'NONE', #374, #330, #390, .T. ) ;
#3177 = CARTESIAN_POINT ( 'NONE',  ( 2.117499999999999272, 2.898989183858930563, 0.8039848845708893466 ) ) ;
#3178 = CARTESIAN_POINT ( 'NONE',  ( -2.982499999999999485, 0.6500000000000000222, 0.8099999999999993872 ) ) ;
#3179 = EDGE_CURVE ( 'NONE', #2685, #2596, #1549, .T. ) ;
#3180 = CARTESIAN_POINT ( 'NONE',  ( -4.880469490908099672, 11.62397374880349510, 2.285000000000000142 ) ) ;
#3181 = ORIENTED_EDGE ( 'NONE', *, *, #3265, .F. ) ;
#3182 = LINE ( 'NONE', #2944, #933 ) ;
#3183 = LINE ( 'NONE', #1266, #3214 ) ;
#3184 = CARTESIAN_POINT ( 'NONE',  ( 2.117499999999999716, 0.6499999999999999112, 0.8099999999999993872 ) ) ;
#3185 = ORIENTED_EDGE ( 'NONE', *, *, #338, .F. ) ;
#3186 = ADVANCED_FACE ( 'NONE', ( #2887 ), #337, .F. ) ;
#3187 = VECTOR ( 'NONE', #773, 1000.000000000000000 ) ;
#3188 = VERTEX_POINT ( 'NONE', #3035 ) ;
#3189 = FACE_OUTER_BOUND ( 'NONE', #2876, .T. ) ;
#3190 = VECTOR ( 'NONE', #1489, 1000.000000000000000 ) ;
#3191 = CARTESIAN_POINT ( 'NONE',  ( 2.947499999999998899, 0.6499999999999999112, 0.8099999999999993872 ) ) ;
#3192 = CARTESIAN_POINT ( 'NONE',  ( 0.4175000000000029243, -10.05000000000000071, 0.8099999999999993872 ) ) ;
#3193 = AXIS2_PLACEMENT_3D ( 'NONE', #2633, #1232, #3285 ) ;
#3194 = LINE ( 'NONE', #1865, #880 ) ;
#3195 = CARTESIAN_POINT ( 'NONE',  ( 2.995780049730349059, 11.29999999999999893, -1.015000000000000568 ) ) ;
#3196 = MECHANICAL_DESIGN_GEOMETRIC_PRESENTATION_REPRESENTATION (  '', ( #1576 ), #1427 ) ;
#3197 = PLANE ( 'NONE',  #1192 ) ;
#3198 = CARTESIAN_POINT ( 'NONE',  ( -5.075000000000001066, 18.45000000000000284, -2.284999999999999698 ) ) ;
#3199 = CIRCLE ( 'NONE', #804, 1.919999999999998153 ) ;
#3200 = FACE_OUTER_BOUND ( 'NONE', #671, .T. ) ;
#3201 = SURFACE_STYLE_FILL_AREA ( #409 ) ;
#3202 = DIRECTION ( 'NONE',  ( -0.04361938736532880445, -0.9990482215818580203, 0.000000000000000000 ) ) ;
#3203 = VECTOR ( 'NONE', #2057, 1000.000000000000000 ) ;
#3204 = CARTESIAN_POINT ( 'NONE',  ( 0.4525000000000002354, 0.6499999999999999112, 0.4049999999999993605 ) ) ;
#3205 = AXIS2_PLACEMENT_3D ( 'NONE', #3195, #1395, #3389 ) ;
#3206 = ORIENTED_EDGE ( 'NONE', *, *, #1775, .T. ) ;
#3207 = ADVANCED_FACE ( 'NONE', ( #564 ), #366, .F. ) ;
#3208 = VECTOR ( 'NONE', #3307, 1000.000000000000000 ) ;
#3209 = CARTESIAN_POINT ( 'NONE',  ( 0.4175000000000003153, 1.022580077288040499E-16, 0.8099999999999993872 ) ) ;
#3210 = DIRECTION ( 'NONE',  ( 1.971276677246371519E-16, -1.000000000000000000, 0.000000000000000000 ) ) ;
#3211 = CARTESIAN_POINT ( 'NONE',  ( 2.982499999999998597, 0.6499999999999998002, 0.4049999999999993605 ) ) ;
#3212 = ORIENTED_EDGE ( 'NONE', *, *, #2283, .T. ) ;
#3213 = DIRECTION ( 'NONE',  ( 0.000000000000000000, -0.1218693434051406621, -0.9925461516413227603 ) ) ;
#3214 = VECTOR ( 'NONE', #1835, 1000.000000000000000 ) ;
#3215 = EDGE_CURVE ( 'NONE', #436, #1137, #509, .T. ) ;
#3216 = DIRECTION ( 'NONE',  ( 0.000000000000000000, 0.000000000000000000, 1.000000000000000000 ) ) ;
#3217 = DIRECTION ( 'NONE',  ( -1.971276677246371519E-16, 1.000000000000000000, -0.000000000000000000 ) ) ;
#3218 = ORIENTED_EDGE ( 'NONE', *, *, #1894, .T. ) ;
#3219 = EDGE_CURVE ( 'NONE', #1812, #505, #1642, .T. ) ;
#3220 = EDGE_LOOP ( 'NONE', ( #2528, #2460, #955, #3218 ) ) ;
#3221 = LINE ( 'NONE', #513, #2067 ) ;
#3222 = CARTESIAN_POINT ( 'NONE',  ( -3.795780049730349326, 11.29999999999999893, -1.015000000000000568 ) ) ;
#3223 = CARTESIAN_POINT ( 'NONE',  ( -5.049999999999998934, 17.10000000000000142, -2.284999999999999698 ) ) ;
#3224 = VERTEX_POINT ( 'NONE', #1747 ) ;
#3225 = LINE ( 'NONE', #620, #928 ) ;
#3226 = AXIS2_PLACEMENT_3D ( 'NONE', #636, #2134, #1061 ) ;
#3227 = DIRECTION ( 'NONE',  ( 0.000000000000000000, -1.000000000000000000, -5.005171518229332485E-17 ) ) ;
#3228 = MECHANICAL_DESIGN_GEOMETRIC_PRESENTATION_REPRESENTATION (  '', ( #2352 ), #21 ) ;
#3229 = DIRECTION ( 'NONE',  ( 1.000000000000000000, 0.000000000000000000, 0.000000000000000000 ) ) ;
#3230 = ORIENTED_EDGE ( 'NONE', *, *, #625, .T. ) ;
#3231 = FACE_OUTER_BOUND ( 'NONE', #1350, .T. ) ;
#3232 = CARTESIAN_POINT ( 'NONE',  ( 2.117500000000002380, -10.05000000000000071, 0.8099999999999993872 ) ) ;
#3233 = DIRECTION ( 'NONE',  ( -2.589139516383294311E-16, 1.000000000000000000, -0.000000000000000000 ) ) ;
#3234 = LINE ( 'NONE', #1491, #874 ) ;
#3235 = DIRECTION ( 'NONE',  ( -1.000000000000000000, -1.971276677246371519E-16, 0.000000000000000000 ) ) ;
#3236 = VERTEX_POINT ( 'NONE', #1109 ) ;
#3237 = DIRECTION ( 'NONE',  ( -4.804763886517654481E-17, 0.1218693434051406621, 0.9925461516413227603 ) ) ;
#3238 = EDGE_CURVE ( 'NONE', #1344, #3236, #613, .T. ) ;
#3239 = CARTESIAN_POINT ( 'NONE',  ( 3.817499999999998561, 2.850000000000000533, 0.4049999999999993605 ) ) ;
#3240 = EDGE_CURVE ( 'NONE', #2814, #1974, #558, .T. ) ;
#3241 = CARTESIAN_POINT ( 'NONE',  ( 2.995780049730349059, 11.29999999999999893, -1.015000000000000568 ) ) ;
#3242 = PLANE ( 'NONE',  #413 ) ;
#3243 = EDGE_LOOP ( 'NONE', ( #2306, #10, #1241, #1273 ) ) ;
#3244 = DIRECTION ( 'NONE',  ( 0.000000000000000000, -1.000000000000000000, 0.000000000000000000 ) ) ;
#3245 = EDGE_CURVE ( 'NONE', #74, #1218, #2795, .T. ) ;
#3246 = CARTESIAN_POINT ( 'NONE',  ( -0.4524999999999997913, 0.000000000000000000, 0.8099999999999993872 ) ) ;
#3247 = CARTESIAN_POINT ( 'NONE',  ( 0.4175000000000003153, 1.022580077288040499E-16, 0.8099999999999993872 ) ) ;
#3248 = EDGE_LOOP ( 'NONE', ( #1526, #2150, #1902, #3155 ) ) ;
#3249 = DIRECTION ( 'NONE',  ( 1.000000000000000000, 0.000000000000000000, 0.000000000000000000 ) ) ;
#3250 =( LENGTH_UNIT ( ) NAMED_UNIT ( * ) SI_UNIT ( .MILLI., .METRE. ) );
#3251 = AXIS2_PLACEMENT_3D ( 'NONE', #3264, #979, #1964 ) ;
#3252 = ORIENTED_EDGE ( 'NONE', *, *, #1970, .T. ) ;
#3253 = CARTESIAN_POINT ( 'NONE',  ( -2.995780049730349059, 11.29999999999999893, -2.285000000000000142 ) ) ;
#3254 = AXIS2_PLACEMENT_3D ( 'NONE', #2867, #3129, #491 ) ;
#3255 = CARTESIAN_POINT ( 'NONE',  ( 0.4175000000000003153, 0.6499999999999999112, 0.4049999999999993605 ) ) ;
#3256 = CARTESIAN_POINT ( 'NONE',  ( -5.075000000000001066, 18.45000000000000284, -1.015000000000001457 ) ) ;
#3257 = ORIENTED_EDGE ( 'NONE', *, *, #1894, .F. ) ;
#3258 = CARTESIAN_POINT ( 'NONE',  ( 2.995780049730349059, 11.29999999999999893, -1.015000000000000568 ) ) ;
#3259 = AXIS2_PLACEMENT_3D ( 'NONE', #1786, #3331, #2620 ) ;
#3260 = CARTESIAN_POINT ( 'NONE',  ( 4.880469490908099672, 11.51786589610922285, 2.284999999999999698 ) ) ;
#3261 = ADVANCED_FACE ( 'NONE', ( #528 ), #3093, .F. ) ;
#3262 = CARTESIAN_POINT ( 'NONE',  ( -2.982500000000000373, 2.850000000000000089, 0.4049999999999993605 ) ) ;
#3263 = ORIENTED_EDGE ( 'NONE', *, *, #898, .T. ) ;
#3264 = CARTESIAN_POINT ( 'NONE',  ( 4.025000000000000355, 6.050000000000000711, -1.015000000000000568 ) ) ;
#3265 = EDGE_CURVE ( 'NONE', #3106, #2367, #2860, .T. ) ;
#3266 = DIRECTION ( 'NONE',  ( 1.000000000000000000, -0.000000000000000000, -0.000000000000000000 ) ) ;
#3267 = PLANE ( 'NONE',  #3312 ) ;
#3268 = CARTESIAN_POINT ( 'NONE',  ( -4.835062039949063362, 3.208531115632288877, 3.325001610917733164 ) ) ;
#3269 = CARTESIAN_POINT ( 'NONE',  ( -1.247499999999998943, 0.000000000000000000, 0.8099999999999993872 ) ) ;
#3270 = ADVANCED_FACE ( 'NONE', ( #1670 ), #1868, .F. ) ;
#3271 =( GEOMETRIC_REPRESENTATION_CONTEXT ( 3 ) GLOBAL_UNCERTAINTY_ASSIGNED_CONTEXT ( ( #2234 ) ) GLOBAL_UNIT_ASSIGNED_CONTEXT ( ( #628, #1421, #873 ) ) REPRESENTATION_CONTEXT ( 'NONE', 'WORKASPACE' ) );
#3272 = DIRECTION ( 'NONE',  ( -0.000000000000000000, 0.000000000000000000, -1.000000000000000000 ) ) ;
#3273 = STYLED_ITEM ( 'NONE', ( #3034 ), #478 ) ;
#3274 = PLANE ( 'NONE',  #3251 ) ;
#3275 = PLANE ( 'NONE',  #1483 ) ;
#3276 = DIRECTION ( 'NONE',  ( 0.000000000000000000, 1.000000000000000000, -0.000000000000000000 ) ) ;
#3277 = DIRECTION ( 'NONE',  ( 1.000000000000000000, 0.000000000000000000, 0.000000000000000000 ) ) ;
#3278 = DIRECTION ( 'NONE',  ( -0.04361938736532880445, -0.9990482215818580203, 0.000000000000000000 ) ) ;
#3279 = DIRECTION ( 'NONE',  ( -0.000000000000000000, -1.000000000000000000, -0.000000000000000000 ) ) ;
#3280 = AXIS2_PLACEMENT_3D ( 'NONE', #3317, #1978, #2457 ) ;
#3281 = CARTESIAN_POINT ( 'NONE',  ( 0.000000000000000000, 0.000000000000000000, 0.4049999999999993605 ) ) ;
#3282 = EDGE_CURVE ( 'NONE', #2710, #1672, #2782, .T. ) ;
#3283 = CARTESIAN_POINT ( 'NONE',  ( -2.995780049730349059, 12.09999999999999964, -2.285000000000000142 ) ) ;
#3284 = CARTESIAN_POINT ( 'NONE',  ( 1.247499999999999387, 0.000000000000000000, 0.4049999999999993605 ) ) ;
#3285 = DIRECTION ( 'NONE',  ( 0.000000000000000000, -0.000000000000000000, -1.000000000000000000 ) ) ;
#3286 = EDGE_CURVE ( 'NONE', #461, #2665, #2834, .T. ) ;
#3287 = CARTESIAN_POINT ( 'NONE',  ( 5.049999999999998934, 17.10000000000000142, -2.284999999999999698 ) ) ;
#3288 = EDGE_LOOP ( 'NONE', ( #1802, #2757, #1912, #766 ) ) ;
#3289 = DIRECTION ( 'NONE',  ( -3.097720492815738111E-15, -1.000000000000000000, 0.000000000000000000 ) ) ;
#3290 = EDGE_CURVE ( 'NONE', #2665, #2208, #2802, .T. ) ;
#3291 = DIRECTION ( 'NONE',  ( 2.589139516383294311E-16, -1.000000000000000000, -0.000000000000000000 ) ) ;
#3292 = ADVANCED_FACE ( 'NONE', ( #1682 ), #1814, .F. ) ;
#3293 = ORIENTED_EDGE ( 'NONE', *, *, #245, .T. ) ;
#3294 = CARTESIAN_POINT ( 'NONE',  ( 5.049999999999999822, 18.45000000000000284, -1.015000000000000124 ) ) ;
#3295 = CARTESIAN_POINT ( 'NONE',  ( 2.995780049730349059, 12.09999999999999964, -1.015000000000000568 ) ) ;
#3296 = PLANE ( 'NONE',  #2226 ) ;
#3297 = CARTESIAN_POINT ( 'NONE',  ( -4.880469490908099672, 11.69481094902041285, 2.284999999999999698 ) ) ;
#3298 = ORIENTED_EDGE ( 'NONE', *, *, #289, .F. ) ;
#3299 = CARTESIAN_POINT ( 'NONE',  ( 2.152499999999999414, 0.000000000000000000, 0.8099999999999993872 ) ) ;
#3300 = DIRECTION ( 'NONE',  ( -0.000000000000000000, 1.000000000000000000, -0.000000000000000000 ) ) ;
#3301 = CARTESIAN_POINT ( 'NONE',  ( 2.982499999999998597, -10.05000000000000071, 0.8099999999999993872 ) ) ;
#3302 = PRODUCT_DEFINITION_CONTEXT ( 'detailed design', #664, 'design' ) ;
#3303 = ORIENTED_EDGE ( 'NONE', *, *, #573, .F. ) ;
#3304 = CARTESIAN_POINT ( 'NONE',  ( -2.117499999999999272, 0.6499999999999998002, 0.8099999999999993872 ) ) ;
#3305 =( GEOMETRIC_REPRESENTATION_CONTEXT ( 3 ) GLOBAL_UNCERTAINTY_ASSIGNED_CONTEXT ( ( #2716 ) ) GLOBAL_UNIT_ASSIGNED_CONTEXT ( ( #2313, #307, #2111 ) ) REPRESENTATION_CONTEXT ( 'NONE', 'WORKASPACE' ) );
#3306 = EDGE_CURVE ( 'NONE', #1108, #1731, #2817, .T. ) ;
#3307 = DIRECTION ( 'NONE',  ( 1.000000000000000000, -0.000000000000000000, -0.000000000000000000 ) ) ;
#3308 = CARTESIAN_POINT ( 'NONE',  ( -3.795780049730349326, 11.29999999999999893, -2.285000000000000142 ) ) ;
#3309 = ORIENTED_EDGE ( 'NONE', *, *, #2102, .F. ) ;
#3310 = CARTESIAN_POINT ( 'NONE',  ( -0.4174999999999999267, 0.6499999999999998002, 0.8099999999999993872 ) ) ;
#3311 = DIRECTION ( 'NONE',  ( 0.000000000000000000, 5.005171518229331869E-17, -1.000000000000000000 ) ) ;
#3312 = AXIS2_PLACEMENT_3D ( 'NONE', #2014, #2079, #2039 ) ;
#3313 = DIRECTION ( 'NONE',  ( -0.000000000000000000, -1.000000000000000000, -0.000000000000000000 ) ) ;
#3314 = ADVANCED_FACE ( 'NONE', ( #545 ), #2845, .F. ) ;
#3315 = EDGE_LOOP ( 'NONE', ( #3386, #1301, #1120, #1130 ) ) ;
#3316 = EDGE_CURVE ( 'NONE', #88, #1563, #551, .T. ) ;
#3317 = CARTESIAN_POINT ( 'NONE',  ( 5.049999999999998934, 17.10000000000000142, -2.284999999999999698 ) ) ;
#3318 = EDGE_CURVE ( 'NONE', #408, #2502, #2849, .T. ) ;
#3319 = ORIENTED_EDGE ( 'NONE', *, *, #749, .T. ) ;
#3320 = DIRECTION ( 'NONE',  ( 2.921657363680126360E-15, 1.000000000000000000, -0.000000000000000000 ) ) ;
#3321 = DIRECTION ( 'NONE',  ( -0.000000000000000000, 1.000000000000000000, 5.005171518229332485E-17 ) ) ;
#3322 = EDGE_CURVE ( 'NONE', #1394, #2161, #575, .T. ) ;
#3323 = PLANE ( 'NONE',  #872 ) ;
#3324 = ORIENTED_EDGE ( 'NONE', *, *, #2160, .T. ) ;
#3325 = DIRECTION ( 'NONE',  ( 0.000000000000000000, -1.000000000000000000, 0.000000000000000000 ) ) ;
#3326 = EDGE_CURVE ( 'NONE', #2882, #2422, #2865, .T. ) ;
#3327 = DIRECTION ( 'NONE',  ( 9.609527773035308963E-17, -0.1218693434051406621, -0.9925461516413227603 ) ) ;
#3328 = CARTESIAN_POINT ( 'NONE',  ( 2.152499999999999414, 0.6499999999999999112, 0.8099999999999993872 ) ) ;
#3329 = ORIENTED_EDGE ( 'NONE', *, *, #1779, .T. ) ;
#3330 = VERTEX_POINT ( 'NONE', #769 ) ;
#3331 = DIRECTION ( 'NONE',  ( 0.9990482215818581313, 0.04361938736532881139, 2.183225152835560942E-18 ) ) ;
#3332 = PLANE ( 'NONE',  #410 ) ;
#3333 = CARTESIAN_POINT ( 'NONE',  ( 2.995780049730349059, 12.09999999999999964, -1.015000000000000568 ) ) ;
#3334 = ORIENTED_EDGE ( 'NONE', *, *, #1267, .F. ) ;
#3335 = ORIENTED_EDGE ( 'NONE', *, *, #1972, .F. ) ;
#3336 = AXIS2_PLACEMENT_3D ( 'NONE', #415, #1574, #3277 ) ;
#3337 = ORIENTED_EDGE ( 'NONE', *, *, #1008, .T. ) ;
#3338 = CARTESIAN_POINT ( 'NONE',  ( 0.000000000000000000, 2.899727747165673719, 0.8099999999999993872 ) ) ;
#3339 = ADVANCED_FACE ( 'NONE', ( #590 ), #3375, .F. ) ;
#3340 = CARTESIAN_POINT ( 'NONE',  ( -0.4524999999999997913, 0.000000000000000000, 0.4049999999999993605 ) ) ;
#3341 = ORIENTED_EDGE ( 'NONE', *, *, #245, .F. ) ;
#3342 = DIRECTION ( 'NONE',  ( 0.000000000000000000, 5.005171518229332485E-17, -1.000000000000000000 ) ) ;
#3343 = VERTEX_POINT ( 'NONE', #1016 ) ;
#3344 = CARTESIAN_POINT ( 'NONE',  ( 5.075000000000001066, 18.45000000000000284, -2.284999999999999698 ) ) ;
#3345 = PRODUCT_DEFINITION ( 'UNKNOWN', '', #2360, #3302 ) ;
#3346 = ORIENTED_EDGE ( 'NONE', *, *, #1884, .T. ) ;
#3347 = DIRECTION ( 'NONE',  ( 0.000000000000000000, 0.000000000000000000, 1.000000000000000000 ) ) ;
#3348 = CARTESIAN_POINT ( 'NONE',  ( 3.817499999999998561, 2.850000000000000089, 0.8099999999999993872 ) ) ;
#3349 = ORIENTED_EDGE ( 'NONE', *, *, #3018, .F. ) ;
#3350 = VERTEX_POINT ( 'NONE', #891 ) ;
#3351 = DIRECTION ( 'NONE',  ( 1.000000000000000000, 0.000000000000000000, 0.000000000000000000 ) ) ;
#3352 = DIRECTION ( 'NONE',  ( 1.000000000000000000, 0.000000000000000000, 0.000000000000000000 ) ) ;
#3353 = ORIENTED_EDGE ( 'NONE', *, *, #972, .F. ) ;
#3354 = EDGE_CURVE ( 'NONE', #1959, #588, #1732, .T. ) ;
#3355 = ORIENTED_EDGE ( 'NONE', *, *, #2241, .F. ) ;
#3356 = EDGE_CURVE ( 'NONE', #2339, #776, #1875, .T. ) ;
#3357 = ORIENTED_EDGE ( 'NONE', *, *, #819, .T. ) ;
#3358 = PLANE ( 'NONE',  #2366 ) ;
#3359 = VERTEX_POINT ( 'NONE', #1921 ) ;
#3360 = CARTESIAN_POINT ( 'NONE',  ( 0.000000000000000000, 2.899727747165673719, 0.8099999999999993872 ) ) ;
#3361 = EDGE_CURVE ( 'NONE', #1493, #1560, #2971, .T. ) ;
#3362 = ORIENTED_EDGE ( 'NONE', *, *, #1906, .T. ) ;
#3363 = ADVANCED_FACE ( 'NONE', ( #710 ), #728, .F. ) ;
#3364 = DIRECTION ( 'NONE',  ( -1.971276677246371519E-16, 1.000000000000000000, -0.000000000000000000 ) ) ;
#3365 = ORIENTED_EDGE ( 'NONE', *, *, #3101, .T. ) ;
#3366 = DIRECTION ( 'NONE',  ( 2.589139516383294311E-16, -1.000000000000000000, 0.000000000000000000 ) ) ;
#3367 = DIRECTION ( 'NONE',  ( 1.000000000000000000, 0.000000000000000000, -0.000000000000000000 ) ) ;
#3368 = CARTESIAN_POINT ( 'NONE',  ( 1.282499999999999307, 2.866314482762530425, 0.5378707994112693624 ) ) ;
#3369 = ORIENTED_EDGE ( 'NONE', *, *, #634, .T. ) ;
#3370 = EDGE_LOOP ( 'NONE', ( #1554, #1818, #429, #635 ) ) ;
#3371 = DIRECTION ( 'NONE',  ( 1.000000000000000000, 0.000000000000000000, -0.000000000000000000 ) ) ;
#3372 = CARTESIAN_POINT ( 'NONE',  ( -2.995780049730349059, 11.29999999999999893, -1.015000000000000568 ) ) ;
#3373 = ORIENTED_EDGE ( 'NONE', *, *, #2200, .T. ) ;
#3374 = EDGE_CURVE ( 'NONE', #3224, #2253, #2947, .T. ) ;
#3375 = PLANE ( 'NONE',  #650 ) ;
#3376 = ORIENTED_EDGE ( 'NONE', *, *, #672, .T. ) ;
#3377 = VECTOR ( 'NONE', #3392, 1000.000000000000000 ) ;
#3378 = EDGE_LOOP ( 'NONE', ( #2199, #3365, #232, #2624 ) ) ;
#3379 = CARTESIAN_POINT ( 'NONE',  ( -0.4524999999999997913, 0.6499999999999999112, 0.8099999999999993872 ) ) ;
#3380 = ORIENTED_EDGE ( 'NONE', *, *, #1283, .T. ) ;
#3381 = LINE ( 'NONE', #145, #1090 ) ;
#3382 = ORIENTED_EDGE ( 'NONE', *, *, #780, .F. ) ;
#3383 = DIRECTION ( 'NONE',  ( -0.000000000000000000, 1.000000000000000000, -0.000000000000000000 ) ) ;
#3384 = ORIENTED_EDGE ( 'NONE', *, *, #1372, .T. ) ;
#3385 = LINE ( 'NONE', #3262, #2353 ) ;
#3386 = ORIENTED_EDGE ( 'NONE', *, *, #1695, .T. ) ;
#3387 = ADVANCED_FACE ( 'NONE', ( #683 ), #2153, .T. ) ;
#3388 = ORIENTED_EDGE ( 'NONE', *, *, #3101, .F. ) ;
#3389 = DIRECTION ( 'NONE',  ( 0.000000000000000000, -5.005171518229332485E-17, 1.000000000000000000 ) ) ;
#3390 = CARTESIAN_POINT ( 'NONE',  ( 1.282499999999999307, 2.850000000000000533, 0.4049999999999993605 ) ) ;
#3391 = EDGE_CURVE ( 'NONE', #654, #1272, #1856, .T. ) ;
#3392 = DIRECTION ( 'NONE',  ( -1.000000000000000000, -0.000000000000000000, -0.000000000000000000 ) ) ;
#3393 = FACE_OUTER_BOUND ( 'NONE', #2607, .T. ) ;
#3394 = VERTEX_POINT ( 'NONE', #89 ) ;
#3395 = CARTESIAN_POINT ( 'NONE',  ( 0.000000000000000000, 15.61000000000000298, -1.015000000000000124 ) ) ;
#3396 = ORIENTED_EDGE ( 'NONE', *, *, #338, .T. ) ;
#3397 = ORIENTED_EDGE ( 'NONE', *, *, #3176, .F. ) ;
#3398 = LINE ( 'NONE', #1336, #3377 ) ;
#3399 = ORIENTED_EDGE ( 'NONE', *, *, #987, .F. ) ;
#3400 = PLANE ( 'NONE',  #656 ) ;
#3401 = ORIENTED_EDGE ( 'NONE', *, *, #2241, .T. ) ;
#3402 =( NAMED_UNIT ( * ) SI_UNIT ( $, .STERADIAN. ) SOLID_ANGLE_UNIT ( ) );
#3403 = VECTOR ( 'NONE', #1187, 1000.000000000000000 ) ;
#3404 = ORIENTED_EDGE ( 'NONE', *, *, #1404, .T. ) ;
#3405 = DIRECTION ( 'NONE',  ( -1.971276677246371519E-16, 1.000000000000000000, -0.000000000000000000 ) ) ;
#3406 = ORIENTED_EDGE ( 'NONE', *, *, #2540, .T. ) ;
#3407 = CARTESIAN_POINT ( 'NONE',  ( 0.000000000000000000, 15.61000000000000298, -1.015000000000000124 ) ) ;
#3408 = ADVANCED_FACE ( 'NONE', ( #3026 ), #2432, .F. ) ;
#3409 = VECTOR ( 'NONE', #2320, 1000.000000000000000 ) ;
#3410 = FILL_AREA_STYLE_COLOUR ( '', #2415 ) ;
#3411 = PRODUCT_DEFINITION_SHAPE ( 'NONE', 'NONE',  #3345 ) ;
#3412 = CARTESIAN_POINT ( 'NONE',  ( 0.000000000000000000, 9.600000000000001421, 2.184999999999998721 ) ) ;
#3413 = ORIENTED_EDGE ( 'NONE', *, *, #3286, .T. ) ;
#3414 = EDGE_LOOP ( 'NONE', ( #554, #2343, #1768, #3006 ) ) ;
#3415 = PLANE ( 'NONE',  #474 ) ;
#3416 = AXIS2_PLACEMENT_3D ( 'NONE', #1345, #3024, #2631 ) ;
#3417 = CARTESIAN_POINT ( 'NONE',  ( -4.888137493400860123, 11.71637512643748913, 2.109373868681029496 ) ) ;
#3418 = LINE ( 'NONE', #1197, #35 ) ;
#3419 = ORIENTED_EDGE ( 'NONE', *, *, #2815, .F. ) ;
#3420 = ADVANCED_FACE ( 'NONE', ( #1853 ), #736, .F. ) ;
#3421 = ORIENTED_EDGE ( 'NONE', *, *, #2050, .F. ) ;
#3422 = VECTOR ( 'NONE', #3313, 1000.000000000000000 ) ;
#3423 = ORIENTED_EDGE ( 'NONE', *, *, #2442, .T. ) ;
#3424 = CARTESIAN_POINT ( 'NONE',  ( -1.247499999999998943, 0.000000000000000000, 0.4049999999999993605 ) ) ;
#3425 = ORIENTED_EDGE ( 'NONE', *, *, #2356, .T. ) ;
#3426 = CARTESIAN_POINT ( 'NONE',  ( -2.982499999999999929, 0.000000000000000000, 0.8099999999999993872 ) ) ;
#3427 = AXIS2_PLACEMENT_3D ( 'NONE', #2963, #685, #3210 ) ;
#3428 = LINE ( 'NONE', #1158, #2365 ) ;
#3429 = ORIENTED_EDGE ( 'NONE', *, *, #1637, .F. ) ;
#3430 = DIRECTION ( 'NONE',  ( -1.000000000000000000, 0.000000000000000000, 0.000000000000000000 ) ) ;
#3431 = ORIENTED_EDGE ( 'NONE', *, *, #1951, .F. ) ;
#3432 = PLANE ( 'NONE',  #565 ) ;
#3433 = EDGE_CURVE ( 'NONE', #2891, #1731, #1829, .T. ) ;
#3434 = CARTESIAN_POINT ( 'NONE',  ( -5.049999999999998934, 12.09999999999999964, -2.285000000000000142 ) ) ;
#3435 = ORIENTED_EDGE ( 'NONE', *, *, #1601, .F. ) ;
#3436 = ORIENTED_EDGE ( 'NONE', *, *, #3286, .F. ) ;
#3437 = ORIENTED_EDGE ( 'NONE', *, *, #529, .F. ) ;
#3438 = EDGE_CURVE ( 'NONE', #456, #3069, #3009, .T. ) ;
#3439 = ADVANCED_FACE ( 'NONE', ( #1809 ), #288, .F. ) ;
#3440 = DIRECTION ( 'NONE',  ( 0.000000000000000000, 1.000000000000000000, 1.001144274840630798E-16 ) ) ;
#3441 = CARTESIAN_POINT ( 'NONE',  ( 1.247499999999999387, 0.000000000000000000, 0.8099999999999993872 ) ) ;
#3442 = VECTOR ( 'NONE', #1551, 1000.000000000000000 ) ;
ENDSEC;
END-ISO-10303-21;
